Copyright 1986-2022 Xilinx, Inc. All Rights Reserved. Copyright 2022-2024 Advanced Micro Devices, Inc. All Rights Reserved.
---------------------------------------------------------------------------------------------------------------------------------------------------------------------------------------------------
| Tool Version : Vivado v.2024.2 (win64) Build 5239630 Fri Nov 08 22:35:27 MST 2024
| Date         : Sat May  3 18:14:57 2025
| Host         : DESKTOP-M45N1GG running 64-bit major release  (build 9200)
| Command      : report_bus_skew -warn_on_violation -file pcileech_75t484_x1_top_bus_skew_routed.rpt -pb pcileech_75t484_x1_top_bus_skew_routed.pb -rpx pcileech_75t484_x1_top_bus_skew_routed.rpx
| Design       : pcileech_75t484_x1_top
| Device       : 7a75t-fgg484
| Speed File   : -2  PRODUCTION 1.23 2018-06-13
| Design State : Routed
---------------------------------------------------------------------------------------------------------------------------------------------------------------------------------------------------

Bus Skew Report

Table of Contents
-----------------
1. Bus Skew Report Summary
2. Bus Skew Report Per Constraint

1. Bus Skew Report Summary
--------------------------

Id  Position  From                            To                              Corner  Requirement(ns)  Actual(ns)  Slack(ns)
--  --------  ------------------------------  ------------------------------  ------  ---------------  ----------  ---------
1   65        [get_cells [list {i_pcileech_pcie_a7/i_pcileech_pcie_tlp_a7/i_pcileech_tlps128_src_fifo/i_fifo_134_134_clk2_rxfifo/U0/inst_fifo_gen/gconvfifo.rf/grf.rf/gntv_or_sync_fifo.gcx.clkx/rd_pntr_cdc_inst/src_gray_ff_reg[0]} {i_pcileech_pcie_a7/i_pcileech_pcie_tlp_a7/i_pcileech_tlps128_src_fifo/i_fifo_134_134_clk2_rxfifo/U0/inst_fifo_gen/gconvfifo.rf/grf.rf/gntv_or_sync_fifo.gcx.clkx/rd_pntr_cdc_inst/src_gray_ff_reg[1]} {i_pcileech_pcie_a7/i_pcileech_pcie_tlp_a7/i_pcileech_tlps128_src_fifo/i_fifo_134_134_clk2_rxfifo/U0/inst_fifo_gen/gconvfifo.rf/grf.rf/gntv_or_sync_fifo.gcx.clkx/rd_pntr_cdc_inst/src_gray_ff_reg[2]} {i_pcileech_pcie_a7/i_pcileech_pcie_tlp_a7/i_pcileech_tlps128_src_fifo/i_fifo_134_134_clk2_rxfifo/U0/inst_fifo_gen/gconvfifo.rf/grf.rf/gntv_or_sync_fifo.gcx.clkx/rd_pntr_cdc_inst/src_gray_ff_reg[3]} {i_pcileech_pcie_a7/i_pcileech_pcie_tlp_a7/i_pcileech_tlps128_src_fifo/i_fifo_134_134_clk2_rxfifo/U0/inst_fifo_gen/gconvfifo.rf/grf.rf/gntv_or_sync_fifo.gcx.clkx/rd_pntr_cdc_inst/src_gray_ff_reg[4]} {i_pcileech_pcie_a7/i_pcileech_pcie_tlp_a7/i_pcileech_tlps128_src_fifo/i_fifo_134_134_clk2_rxfifo/U0/inst_fifo_gen/gconvfifo.rf/grf.rf/gntv_or_sync_fifo.gcx.clkx/rd_pntr_cdc_inst/src_gray_ff_reg[5]} {i_pcileech_pcie_a7/i_pcileech_pcie_tlp_a7/i_pcileech_tlps128_src_fifo/i_fifo_134_134_clk2_rxfifo/U0/inst_fifo_gen/gconvfifo.rf/grf.rf/gntv_or_sync_fifo.gcx.clkx/rd_pntr_cdc_inst/src_gray_ff_reg[6]} {i_pcileech_pcie_a7/i_pcileech_pcie_tlp_a7/i_pcileech_tlps128_src_fifo/i_fifo_134_134_clk2_rxfifo/U0/inst_fifo_gen/gconvfifo.rf/grf.rf/gntv_or_sync_fifo.gcx.clkx/rd_pntr_cdc_inst/src_gray_ff_reg[7]} {i_pcileech_pcie_a7/i_pcileech_pcie_tlp_a7/i_pcileech_tlps128_src_fifo/i_fifo_134_134_clk2_rxfifo/U0/inst_fifo_gen/gconvfifo.rf/grf.rf/gntv_or_sync_fifo.gcx.clkx/rd_pntr_cdc_inst/src_gray_ff_reg[8]} {i_pcileech_pcie_a7/i_pcileech_pcie_tlp_a7/i_pcileech_tlps128_src_fifo/i_fifo_134_134_clk2_rxfifo/U0/inst_fifo_gen/gconvfifo.rf/grf.rf/gntv_or_sync_fifo.gcx.clkx/rd_pntr_cdc_inst/src_gray_ff_reg[9]}]]
                                              [get_cells [list {i_pcileech_pcie_a7/i_pcileech_pcie_tlp_a7/i_pcileech_tlps128_src_fifo/i_fifo_134_134_clk2_rxfifo/U0/inst_fifo_gen/gconvfifo.rf/grf.rf/gntv_or_sync_fifo.gcx.clkx/rd_pntr_cdc_inst/dest_graysync_ff_reg[0][0]} {i_pcileech_pcie_a7/i_pcileech_pcie_tlp_a7/i_pcileech_tlps128_src_fifo/i_fifo_134_134_clk2_rxfifo/U0/inst_fifo_gen/gconvfifo.rf/grf.rf/gntv_or_sync_fifo.gcx.clkx/rd_pntr_cdc_inst/dest_graysync_ff_reg[0][1]} {i_pcileech_pcie_a7/i_pcileech_pcie_tlp_a7/i_pcileech_tlps128_src_fifo/i_fifo_134_134_clk2_rxfifo/U0/inst_fifo_gen/gconvfifo.rf/grf.rf/gntv_or_sync_fifo.gcx.clkx/rd_pntr_cdc_inst/dest_graysync_ff_reg[0][2]} {i_pcileech_pcie_a7/i_pcileech_pcie_tlp_a7/i_pcileech_tlps128_src_fifo/i_fifo_134_134_clk2_rxfifo/U0/inst_fifo_gen/gconvfifo.rf/grf.rf/gntv_or_sync_fifo.gcx.clkx/rd_pntr_cdc_inst/dest_graysync_ff_reg[0][3]} {i_pcileech_pcie_a7/i_pcileech_pcie_tlp_a7/i_pcileech_tlps128_src_fifo/i_fifo_134_134_clk2_rxfifo/U0/inst_fifo_gen/gconvfifo.rf/grf.rf/gntv_or_sync_fifo.gcx.clkx/rd_pntr_cdc_inst/dest_graysync_ff_reg[0][4]} {i_pcileech_pcie_a7/i_pcileech_pcie_tlp_a7/i_pcileech_tlps128_src_fifo/i_fifo_134_134_clk2_rxfifo/U0/inst_fifo_gen/gconvfifo.rf/grf.rf/gntv_or_sync_fifo.gcx.clkx/rd_pntr_cdc_inst/dest_graysync_ff_reg[0][5]} {i_pcileech_pcie_a7/i_pcileech_pcie_tlp_a7/i_pcileech_tlps128_src_fifo/i_fifo_134_134_clk2_rxfifo/U0/inst_fifo_gen/gconvfifo.rf/grf.rf/gntv_or_sync_fifo.gcx.clkx/rd_pntr_cdc_inst/dest_graysync_ff_reg[0][6]} {i_pcileech_pcie_a7/i_pcileech_pcie_tlp_a7/i_pcileech_tlps128_src_fifo/i_fifo_134_134_clk2_rxfifo/U0/inst_fifo_gen/gconvfifo.rf/grf.rf/gntv_or_sync_fifo.gcx.clkx/rd_pntr_cdc_inst/dest_graysync_ff_reg[0][7]} {i_pcileech_pcie_a7/i_pcileech_pcie_tlp_a7/i_pcileech_tlps128_src_fifo/i_fifo_134_134_clk2_rxfifo/U0/inst_fifo_gen/gconvfifo.rf/grf.rf/gntv_or_sync_fifo.gcx.clkx/rd_pntr_cdc_inst/dest_graysync_ff_reg[0][8]} {i_pcileech_pcie_a7/i_pcileech_pcie_tlp_a7/i_pcileech_tlps128_src_fifo/i_fifo_134_134_clk2_rxfifo/U0/inst_fifo_gen/gconvfifo.rf/grf.rf/gntv_or_sync_fifo.gcx.clkx/rd_pntr_cdc_inst/dest_graysync_ff_reg[0][9]}]]
                                                                              Slow             10.000       0.718      9.282
2   67        [get_cells [list {i_pcileech_pcie_a7/i_pcileech_pcie_tlp_a7/i_pcileech_tlps128_src_fifo/i_fifo_134_134_clk2_rxfifo/U0/inst_fifo_gen/gconvfifo.rf/grf.rf/gntv_or_sync_fifo.gcx.clkx/wr_pntr_cdc_inst/src_gray_ff_reg[0]} {i_pcileech_pcie_a7/i_pcileech_pcie_tlp_a7/i_pcileech_tlps128_src_fifo/i_fifo_134_134_clk2_rxfifo/U0/inst_fifo_gen/gconvfifo.rf/grf.rf/gntv_or_sync_fifo.gcx.clkx/wr_pntr_cdc_inst/src_gray_ff_reg[1]} {i_pcileech_pcie_a7/i_pcileech_pcie_tlp_a7/i_pcileech_tlps128_src_fifo/i_fifo_134_134_clk2_rxfifo/U0/inst_fifo_gen/gconvfifo.rf/grf.rf/gntv_or_sync_fifo.gcx.clkx/wr_pntr_cdc_inst/src_gray_ff_reg[2]} {i_pcileech_pcie_a7/i_pcileech_pcie_tlp_a7/i_pcileech_tlps128_src_fifo/i_fifo_134_134_clk2_rxfifo/U0/inst_fifo_gen/gconvfifo.rf/grf.rf/gntv_or_sync_fifo.gcx.clkx/wr_pntr_cdc_inst/src_gray_ff_reg[3]} {i_pcileech_pcie_a7/i_pcileech_pcie_tlp_a7/i_pcileech_tlps128_src_fifo/i_fifo_134_134_clk2_rxfifo/U0/inst_fifo_gen/gconvfifo.rf/grf.rf/gntv_or_sync_fifo.gcx.clkx/wr_pntr_cdc_inst/src_gray_ff_reg[4]} {i_pcileech_pcie_a7/i_pcileech_pcie_tlp_a7/i_pcileech_tlps128_src_fifo/i_fifo_134_134_clk2_rxfifo/U0/inst_fifo_gen/gconvfifo.rf/grf.rf/gntv_or_sync_fifo.gcx.clkx/wr_pntr_cdc_inst/src_gray_ff_reg[5]} {i_pcileech_pcie_a7/i_pcileech_pcie_tlp_a7/i_pcileech_tlps128_src_fifo/i_fifo_134_134_clk2_rxfifo/U0/inst_fifo_gen/gconvfifo.rf/grf.rf/gntv_or_sync_fifo.gcx.clkx/wr_pntr_cdc_inst/src_gray_ff_reg[6]} {i_pcileech_pcie_a7/i_pcileech_pcie_tlp_a7/i_pcileech_tlps128_src_fifo/i_fifo_134_134_clk2_rxfifo/U0/inst_fifo_gen/gconvfifo.rf/grf.rf/gntv_or_sync_fifo.gcx.clkx/wr_pntr_cdc_inst/src_gray_ff_reg[7]} {i_pcileech_pcie_a7/i_pcileech_pcie_tlp_a7/i_pcileech_tlps128_src_fifo/i_fifo_134_134_clk2_rxfifo/U0/inst_fifo_gen/gconvfifo.rf/grf.rf/gntv_or_sync_fifo.gcx.clkx/wr_pntr_cdc_inst/src_gray_ff_reg[8]} {i_pcileech_pcie_a7/i_pcileech_pcie_tlp_a7/i_pcileech_tlps128_src_fifo/i_fifo_134_134_clk2_rxfifo/U0/inst_fifo_gen/gconvfifo.rf/grf.rf/gntv_or_sync_fifo.gcx.clkx/wr_pntr_cdc_inst/src_gray_ff_reg[9]}]]
                                              [get_cells [list {i_pcileech_pcie_a7/i_pcileech_pcie_tlp_a7/i_pcileech_tlps128_src_fifo/i_fifo_134_134_clk2_rxfifo/U0/inst_fifo_gen/gconvfifo.rf/grf.rf/gntv_or_sync_fifo.gcx.clkx/wr_pntr_cdc_inst/dest_graysync_ff_reg[0][0]} {i_pcileech_pcie_a7/i_pcileech_pcie_tlp_a7/i_pcileech_tlps128_src_fifo/i_fifo_134_134_clk2_rxfifo/U0/inst_fifo_gen/gconvfifo.rf/grf.rf/gntv_or_sync_fifo.gcx.clkx/wr_pntr_cdc_inst/dest_graysync_ff_reg[0][1]} {i_pcileech_pcie_a7/i_pcileech_pcie_tlp_a7/i_pcileech_tlps128_src_fifo/i_fifo_134_134_clk2_rxfifo/U0/inst_fifo_gen/gconvfifo.rf/grf.rf/gntv_or_sync_fifo.gcx.clkx/wr_pntr_cdc_inst/dest_graysync_ff_reg[0][2]} {i_pcileech_pcie_a7/i_pcileech_pcie_tlp_a7/i_pcileech_tlps128_src_fifo/i_fifo_134_134_clk2_rxfifo/U0/inst_fifo_gen/gconvfifo.rf/grf.rf/gntv_or_sync_fifo.gcx.clkx/wr_pntr_cdc_inst/dest_graysync_ff_reg[0][3]} {i_pcileech_pcie_a7/i_pcileech_pcie_tlp_a7/i_pcileech_tlps128_src_fifo/i_fifo_134_134_clk2_rxfifo/U0/inst_fifo_gen/gconvfifo.rf/grf.rf/gntv_or_sync_fifo.gcx.clkx/wr_pntr_cdc_inst/dest_graysync_ff_reg[0][4]} {i_pcileech_pcie_a7/i_pcileech_pcie_tlp_a7/i_pcileech_tlps128_src_fifo/i_fifo_134_134_clk2_rxfifo/U0/inst_fifo_gen/gconvfifo.rf/grf.rf/gntv_or_sync_fifo.gcx.clkx/wr_pntr_cdc_inst/dest_graysync_ff_reg[0][5]} {i_pcileech_pcie_a7/i_pcileech_pcie_tlp_a7/i_pcileech_tlps128_src_fifo/i_fifo_134_134_clk2_rxfifo/U0/inst_fifo_gen/gconvfifo.rf/grf.rf/gntv_or_sync_fifo.gcx.clkx/wr_pntr_cdc_inst/dest_graysync_ff_reg[0][6]} {i_pcileech_pcie_a7/i_pcileech_pcie_tlp_a7/i_pcileech_tlps128_src_fifo/i_fifo_134_134_clk2_rxfifo/U0/inst_fifo_gen/gconvfifo.rf/grf.rf/gntv_or_sync_fifo.gcx.clkx/wr_pntr_cdc_inst/dest_graysync_ff_reg[0][7]} {i_pcileech_pcie_a7/i_pcileech_pcie_tlp_a7/i_pcileech_tlps128_src_fifo/i_fifo_134_134_clk2_rxfifo/U0/inst_fifo_gen/gconvfifo.rf/grf.rf/gntv_or_sync_fifo.gcx.clkx/wr_pntr_cdc_inst/dest_graysync_ff_reg[0][8]} {i_pcileech_pcie_a7/i_pcileech_pcie_tlp_a7/i_pcileech_tlps128_src_fifo/i_fifo_134_134_clk2_rxfifo/U0/inst_fifo_gen/gconvfifo.rf/grf.rf/gntv_or_sync_fifo.gcx.clkx/wr_pntr_cdc_inst/dest_graysync_ff_reg[0][9]}]]
                                                                              Slow             10.000       0.765      9.235
3   69        [get_cells [list {i_pcileech_pcie_a7/i_pcileech_pcie_tlp_a7/i_pcileech_tlps128_dst_fifo/i_fifo_134_134_clk2/U0/inst_fifo_gen/gconvfifo.rf/grf.rf/gntv_or_sync_fifo.gcx.clkx/rd_pntr_cdc_inst/src_gray_ff_reg[0]} \
          {i_pcileech_pcie_a7/i_pcileech_pcie_tlp_a7/i_pcileech_tlps128_dst_fifo/i_fifo_134_134_clk2/U0/inst_fifo_gen/gconvfifo.rf/grf.rf/gntv_or_sync_fifo.gcx.clkx/rd_pntr_cdc_inst/src_gray_ff_reg[10]} \
          {i_pcileech_pcie_a7/i_pcileech_pcie_tlp_a7/i_pcileech_tlps128_dst_fifo/i_fifo_134_134_clk2/U0/inst_fifo_gen/gconvfifo.rf/grf.rf/gntv_or_sync_fifo.gcx.clkx/rd_pntr_cdc_inst/src_gray_ff_reg[1]} \
          {i_pcileech_pcie_a7/i_pcileech_pcie_tlp_a7/i_pcileech_tlps128_dst_fifo/i_fifo_134_134_clk2/U0/inst_fifo_gen/gconvfifo.rf/grf.rf/gntv_or_sync_fifo.gcx.clkx/rd_pntr_cdc_inst/src_gray_ff_reg[2]} \
          {i_pcileech_pcie_a7/i_pcileech_pcie_tlp_a7/i_pcileech_tlps128_dst_fifo/i_fifo_134_134_clk2/U0/inst_fifo_gen/gconvfifo.rf/grf.rf/gntv_or_sync_fifo.gcx.clkx/rd_pntr_cdc_inst/src_gray_ff_reg[3]} \
          {i_pcileech_pcie_a7/i_pcileech_pcie_tlp_a7/i_pcileech_tlps128_dst_fifo/i_fifo_134_134_clk2/U0/inst_fifo_gen/gconvfifo.rf/grf.rf/gntv_or_sync_fifo.gcx.clkx/rd_pntr_cdc_inst/src_gray_ff_reg[4]} \
          {i_pcileech_pcie_a7/i_pcileech_pcie_tlp_a7/i_pcileech_tlps128_dst_fifo/i_fifo_134_134_clk2/U0/inst_fifo_gen/gconvfifo.rf/grf.rf/gntv_or_sync_fifo.gcx.clkx/rd_pntr_cdc_inst/src_gray_ff_reg[5]} \
          {i_pcileech_pcie_a7/i_pcileech_pcie_tlp_a7/i_pcileech_tlps128_dst_fifo/i_fifo_134_134_clk2/U0/inst_fifo_gen/gconvfifo.rf/grf.rf/gntv_or_sync_fifo.gcx.clkx/rd_pntr_cdc_inst/src_gray_ff_reg[6]} \
          {i_pcileech_pcie_a7/i_pcileech_pcie_tlp_a7/i_pcileech_tlps128_dst_fifo/i_fifo_134_134_clk2/U0/inst_fifo_gen/gconvfifo.rf/grf.rf/gntv_or_sync_fifo.gcx.clkx/rd_pntr_cdc_inst/src_gray_ff_reg[7]} \
          {i_pcileech_pcie_a7/i_pcileech_pcie_tlp_a7/i_pcileech_tlps128_dst_fifo/i_fifo_134_134_clk2/U0/inst_fifo_gen/gconvfifo.rf/grf.rf/gntv_or_sync_fifo.gcx.clkx/rd_pntr_cdc_inst/src_gray_ff_reg[8]} \
          {i_pcileech_pcie_a7/i_pcileech_pcie_tlp_a7/i_pcileech_tlps128_dst_fifo/i_fifo_134_134_clk2/U0/inst_fifo_gen/gconvfifo.rf/grf.rf/gntv_or_sync_fifo.gcx.clkx/rd_pntr_cdc_inst/src_gray_ff_reg[9]}]]
                                              [get_cells [list {i_pcileech_pcie_a7/i_pcileech_pcie_tlp_a7/i_pcileech_tlps128_dst_fifo/i_fifo_134_134_clk2/U0/inst_fifo_gen/gconvfifo.rf/grf.rf/gntv_or_sync_fifo.gcx.clkx/rd_pntr_cdc_inst/dest_graysync_ff_reg[0][0]} \
          {i_pcileech_pcie_a7/i_pcileech_pcie_tlp_a7/i_pcileech_tlps128_dst_fifo/i_fifo_134_134_clk2/U0/inst_fifo_gen/gconvfifo.rf/grf.rf/gntv_or_sync_fifo.gcx.clkx/rd_pntr_cdc_inst/dest_graysync_ff_reg[0][10]} \
          {i_pcileech_pcie_a7/i_pcileech_pcie_tlp_a7/i_pcileech_tlps128_dst_fifo/i_fifo_134_134_clk2/U0/inst_fifo_gen/gconvfifo.rf/grf.rf/gntv_or_sync_fifo.gcx.clkx/rd_pntr_cdc_inst/dest_graysync_ff_reg[0][1]} \
          {i_pcileech_pcie_a7/i_pcileech_pcie_tlp_a7/i_pcileech_tlps128_dst_fifo/i_fifo_134_134_clk2/U0/inst_fifo_gen/gconvfifo.rf/grf.rf/gntv_or_sync_fifo.gcx.clkx/rd_pntr_cdc_inst/dest_graysync_ff_reg[0][2]} \
          {i_pcileech_pcie_a7/i_pcileech_pcie_tlp_a7/i_pcileech_tlps128_dst_fifo/i_fifo_134_134_clk2/U0/inst_fifo_gen/gconvfifo.rf/grf.rf/gntv_or_sync_fifo.gcx.clkx/rd_pntr_cdc_inst/dest_graysync_ff_reg[0][3]} \
          {i_pcileech_pcie_a7/i_pcileech_pcie_tlp_a7/i_pcileech_tlps128_dst_fifo/i_fifo_134_134_clk2/U0/inst_fifo_gen/gconvfifo.rf/grf.rf/gntv_or_sync_fifo.gcx.clkx/rd_pntr_cdc_inst/dest_graysync_ff_reg[0][4]} \
          {i_pcileech_pcie_a7/i_pcileech_pcie_tlp_a7/i_pcileech_tlps128_dst_fifo/i_fifo_134_134_clk2/U0/inst_fifo_gen/gconvfifo.rf/grf.rf/gntv_or_sync_fifo.gcx.clkx/rd_pntr_cdc_inst/dest_graysync_ff_reg[0][5]} \
          {i_pcileech_pcie_a7/i_pcileech_pcie_tlp_a7/i_pcileech_tlps128_dst_fifo/i_fifo_134_134_clk2/U0/inst_fifo_gen/gconvfifo.rf/grf.rf/gntv_or_sync_fifo.gcx.clkx/rd_pntr_cdc_inst/dest_graysync_ff_reg[0][6]} \
          {i_pcileech_pcie_a7/i_pcileech_pcie_tlp_a7/i_pcileech_tlps128_dst_fifo/i_fifo_134_134_clk2/U0/inst_fifo_gen/gconvfifo.rf/grf.rf/gntv_or_sync_fifo.gcx.clkx/rd_pntr_cdc_inst/dest_graysync_ff_reg[0][7]} \
          {i_pcileech_pcie_a7/i_pcileech_pcie_tlp_a7/i_pcileech_tlps128_dst_fifo/i_fifo_134_134_clk2/U0/inst_fifo_gen/gconvfifo.rf/grf.rf/gntv_or_sync_fifo.gcx.clkx/rd_pntr_cdc_inst/dest_graysync_ff_reg[0][8]} \
          {i_pcileech_pcie_a7/i_pcileech_pcie_tlp_a7/i_pcileech_tlps128_dst_fifo/i_fifo_134_134_clk2/U0/inst_fifo_gen/gconvfifo.rf/grf.rf/gntv_or_sync_fifo.gcx.clkx/rd_pntr_cdc_inst/dest_graysync_ff_reg[0][9]}]]
                                                                              Slow             10.000       0.739      9.261
4   71        [get_cells [list {i_pcileech_pcie_a7/i_pcileech_pcie_tlp_a7/i_pcileech_tlps128_dst_fifo/i_fifo_134_134_clk2/U0/inst_fifo_gen/gconvfifo.rf/grf.rf/gntv_or_sync_fifo.gcx.clkx/wr_pntr_cdc_inst/src_gray_ff_reg[0]} \
          {i_pcileech_pcie_a7/i_pcileech_pcie_tlp_a7/i_pcileech_tlps128_dst_fifo/i_fifo_134_134_clk2/U0/inst_fifo_gen/gconvfifo.rf/grf.rf/gntv_or_sync_fifo.gcx.clkx/wr_pntr_cdc_inst/src_gray_ff_reg[10]} \
          {i_pcileech_pcie_a7/i_pcileech_pcie_tlp_a7/i_pcileech_tlps128_dst_fifo/i_fifo_134_134_clk2/U0/inst_fifo_gen/gconvfifo.rf/grf.rf/gntv_or_sync_fifo.gcx.clkx/wr_pntr_cdc_inst/src_gray_ff_reg[1]} \
          {i_pcileech_pcie_a7/i_pcileech_pcie_tlp_a7/i_pcileech_tlps128_dst_fifo/i_fifo_134_134_clk2/U0/inst_fifo_gen/gconvfifo.rf/grf.rf/gntv_or_sync_fifo.gcx.clkx/wr_pntr_cdc_inst/src_gray_ff_reg[2]} \
          {i_pcileech_pcie_a7/i_pcileech_pcie_tlp_a7/i_pcileech_tlps128_dst_fifo/i_fifo_134_134_clk2/U0/inst_fifo_gen/gconvfifo.rf/grf.rf/gntv_or_sync_fifo.gcx.clkx/wr_pntr_cdc_inst/src_gray_ff_reg[3]} \
          {i_pcileech_pcie_a7/i_pcileech_pcie_tlp_a7/i_pcileech_tlps128_dst_fifo/i_fifo_134_134_clk2/U0/inst_fifo_gen/gconvfifo.rf/grf.rf/gntv_or_sync_fifo.gcx.clkx/wr_pntr_cdc_inst/src_gray_ff_reg[4]} \
          {i_pcileech_pcie_a7/i_pcileech_pcie_tlp_a7/i_pcileech_tlps128_dst_fifo/i_fifo_134_134_clk2/U0/inst_fifo_gen/gconvfifo.rf/grf.rf/gntv_or_sync_fifo.gcx.clkx/wr_pntr_cdc_inst/src_gray_ff_reg[5]} \
          {i_pcileech_pcie_a7/i_pcileech_pcie_tlp_a7/i_pcileech_tlps128_dst_fifo/i_fifo_134_134_clk2/U0/inst_fifo_gen/gconvfifo.rf/grf.rf/gntv_or_sync_fifo.gcx.clkx/wr_pntr_cdc_inst/src_gray_ff_reg[6]} \
          {i_pcileech_pcie_a7/i_pcileech_pcie_tlp_a7/i_pcileech_tlps128_dst_fifo/i_fifo_134_134_clk2/U0/inst_fifo_gen/gconvfifo.rf/grf.rf/gntv_or_sync_fifo.gcx.clkx/wr_pntr_cdc_inst/src_gray_ff_reg[7]} \
          {i_pcileech_pcie_a7/i_pcileech_pcie_tlp_a7/i_pcileech_tlps128_dst_fifo/i_fifo_134_134_clk2/U0/inst_fifo_gen/gconvfifo.rf/grf.rf/gntv_or_sync_fifo.gcx.clkx/wr_pntr_cdc_inst/src_gray_ff_reg[8]} \
          {i_pcileech_pcie_a7/i_pcileech_pcie_tlp_a7/i_pcileech_tlps128_dst_fifo/i_fifo_134_134_clk2/U0/inst_fifo_gen/gconvfifo.rf/grf.rf/gntv_or_sync_fifo.gcx.clkx/wr_pntr_cdc_inst/src_gray_ff_reg[9]}]]
                                              [get_cells [list {i_pcileech_pcie_a7/i_pcileech_pcie_tlp_a7/i_pcileech_tlps128_dst_fifo/i_fifo_134_134_clk2/U0/inst_fifo_gen/gconvfifo.rf/grf.rf/gntv_or_sync_fifo.gcx.clkx/wr_pntr_cdc_inst/dest_graysync_ff_reg[0][0]} \
          {i_pcileech_pcie_a7/i_pcileech_pcie_tlp_a7/i_pcileech_tlps128_dst_fifo/i_fifo_134_134_clk2/U0/inst_fifo_gen/gconvfifo.rf/grf.rf/gntv_or_sync_fifo.gcx.clkx/wr_pntr_cdc_inst/dest_graysync_ff_reg[0][10]} \
          {i_pcileech_pcie_a7/i_pcileech_pcie_tlp_a7/i_pcileech_tlps128_dst_fifo/i_fifo_134_134_clk2/U0/inst_fifo_gen/gconvfifo.rf/grf.rf/gntv_or_sync_fifo.gcx.clkx/wr_pntr_cdc_inst/dest_graysync_ff_reg[0][1]} \
          {i_pcileech_pcie_a7/i_pcileech_pcie_tlp_a7/i_pcileech_tlps128_dst_fifo/i_fifo_134_134_clk2/U0/inst_fifo_gen/gconvfifo.rf/grf.rf/gntv_or_sync_fifo.gcx.clkx/wr_pntr_cdc_inst/dest_graysync_ff_reg[0][2]} \
          {i_pcileech_pcie_a7/i_pcileech_pcie_tlp_a7/i_pcileech_tlps128_dst_fifo/i_fifo_134_134_clk2/U0/inst_fifo_gen/gconvfifo.rf/grf.rf/gntv_or_sync_fifo.gcx.clkx/wr_pntr_cdc_inst/dest_graysync_ff_reg[0][3]} \
          {i_pcileech_pcie_a7/i_pcileech_pcie_tlp_a7/i_pcileech_tlps128_dst_fifo/i_fifo_134_134_clk2/U0/inst_fifo_gen/gconvfifo.rf/grf.rf/gntv_or_sync_fifo.gcx.clkx/wr_pntr_cdc_inst/dest_graysync_ff_reg[0][4]} \
          {i_pcileech_pcie_a7/i_pcileech_pcie_tlp_a7/i_pcileech_tlps128_dst_fifo/i_fifo_134_134_clk2/U0/inst_fifo_gen/gconvfifo.rf/grf.rf/gntv_or_sync_fifo.gcx.clkx/wr_pntr_cdc_inst/dest_graysync_ff_reg[0][5]} \
          {i_pcileech_pcie_a7/i_pcileech_pcie_tlp_a7/i_pcileech_tlps128_dst_fifo/i_fifo_134_134_clk2/U0/inst_fifo_gen/gconvfifo.rf/grf.rf/gntv_or_sync_fifo.gcx.clkx/wr_pntr_cdc_inst/dest_graysync_ff_reg[0][6]} \
          {i_pcileech_pcie_a7/i_pcileech_pcie_tlp_a7/i_pcileech_tlps128_dst_fifo/i_fifo_134_134_clk2/U0/inst_fifo_gen/gconvfifo.rf/grf.rf/gntv_or_sync_fifo.gcx.clkx/wr_pntr_cdc_inst/dest_graysync_ff_reg[0][7]} \
          {i_pcileech_pcie_a7/i_pcileech_pcie_tlp_a7/i_pcileech_tlps128_dst_fifo/i_fifo_134_134_clk2/U0/inst_fifo_gen/gconvfifo.rf/grf.rf/gntv_or_sync_fifo.gcx.clkx/wr_pntr_cdc_inst/dest_graysync_ff_reg[0][8]} \
          {i_pcileech_pcie_a7/i_pcileech_pcie_tlp_a7/i_pcileech_tlps128_dst_fifo/i_fifo_134_134_clk2/U0/inst_fifo_gen/gconvfifo.rf/grf.rf/gntv_or_sync_fifo.gcx.clkx/wr_pntr_cdc_inst/dest_graysync_ff_reg[0][9]}]]
                                                                              Slow             10.000       0.685      9.315
5   73        [get_cells [list {i_pcileech_pcie_a7/i_pcileech_pcie_tlp_a7/i_pcileech_tlps128_src_fifo/i_fifo_1_1_clk2/U0/inst_fifo_gen/gconvfifo.rf/grf.rf/gntv_or_sync_fifo.gcx.clkx/rd_pntr_cdc_inst/src_gray_ff_reg[0]} {i_pcileech_pcie_a7/i_pcileech_pcie_tlp_a7/i_pcileech_tlps128_src_fifo/i_fifo_1_1_clk2/U0/inst_fifo_gen/gconvfifo.rf/grf.rf/gntv_or_sync_fifo.gcx.clkx/rd_pntr_cdc_inst/src_gray_ff_reg[1]} {i_pcileech_pcie_a7/i_pcileech_pcie_tlp_a7/i_pcileech_tlps128_src_fifo/i_fifo_1_1_clk2/U0/inst_fifo_gen/gconvfifo.rf/grf.rf/gntv_or_sync_fifo.gcx.clkx/rd_pntr_cdc_inst/src_gray_ff_reg[2]} {i_pcileech_pcie_a7/i_pcileech_pcie_tlp_a7/i_pcileech_tlps128_src_fifo/i_fifo_1_1_clk2/U0/inst_fifo_gen/gconvfifo.rf/grf.rf/gntv_or_sync_fifo.gcx.clkx/rd_pntr_cdc_inst/src_gray_ff_reg[3]}]]
                                              [get_cells [list {i_pcileech_pcie_a7/i_pcileech_pcie_tlp_a7/i_pcileech_tlps128_src_fifo/i_fifo_1_1_clk2/U0/inst_fifo_gen/gconvfifo.rf/grf.rf/gntv_or_sync_fifo.gcx.clkx/rd_pntr_cdc_inst/dest_graysync_ff_reg[0][0]} {i_pcileech_pcie_a7/i_pcileech_pcie_tlp_a7/i_pcileech_tlps128_src_fifo/i_fifo_1_1_clk2/U0/inst_fifo_gen/gconvfifo.rf/grf.rf/gntv_or_sync_fifo.gcx.clkx/rd_pntr_cdc_inst/dest_graysync_ff_reg[0][1]} {i_pcileech_pcie_a7/i_pcileech_pcie_tlp_a7/i_pcileech_tlps128_src_fifo/i_fifo_1_1_clk2/U0/inst_fifo_gen/gconvfifo.rf/grf.rf/gntv_or_sync_fifo.gcx.clkx/rd_pntr_cdc_inst/dest_graysync_ff_reg[0][2]} {i_pcileech_pcie_a7/i_pcileech_pcie_tlp_a7/i_pcileech_tlps128_src_fifo/i_fifo_1_1_clk2/U0/inst_fifo_gen/gconvfifo.rf/grf.rf/gntv_or_sync_fifo.gcx.clkx/rd_pntr_cdc_inst/dest_graysync_ff_reg[0][3]}]]
                                                                              Slow             10.000       0.640      9.360
6   75        [get_cells [list {i_pcileech_pcie_a7/i_pcileech_pcie_tlp_a7/i_pcileech_tlps128_src_fifo/i_fifo_1_1_clk2/U0/inst_fifo_gen/gconvfifo.rf/grf.rf/gntv_or_sync_fifo.gcx.clkx/wr_pntr_cdc_inst/src_gray_ff_reg[0]} {i_pcileech_pcie_a7/i_pcileech_pcie_tlp_a7/i_pcileech_tlps128_src_fifo/i_fifo_1_1_clk2/U0/inst_fifo_gen/gconvfifo.rf/grf.rf/gntv_or_sync_fifo.gcx.clkx/wr_pntr_cdc_inst/src_gray_ff_reg[1]} {i_pcileech_pcie_a7/i_pcileech_pcie_tlp_a7/i_pcileech_tlps128_src_fifo/i_fifo_1_1_clk2/U0/inst_fifo_gen/gconvfifo.rf/grf.rf/gntv_or_sync_fifo.gcx.clkx/wr_pntr_cdc_inst/src_gray_ff_reg[2]} {i_pcileech_pcie_a7/i_pcileech_pcie_tlp_a7/i_pcileech_tlps128_src_fifo/i_fifo_1_1_clk2/U0/inst_fifo_gen/gconvfifo.rf/grf.rf/gntv_or_sync_fifo.gcx.clkx/wr_pntr_cdc_inst/src_gray_ff_reg[3]}]]
                                              [get_cells [list {i_pcileech_pcie_a7/i_pcileech_pcie_tlp_a7/i_pcileech_tlps128_src_fifo/i_fifo_1_1_clk2/U0/inst_fifo_gen/gconvfifo.rf/grf.rf/gntv_or_sync_fifo.gcx.clkx/wr_pntr_cdc_inst/dest_graysync_ff_reg[0][0]} {i_pcileech_pcie_a7/i_pcileech_pcie_tlp_a7/i_pcileech_tlps128_src_fifo/i_fifo_1_1_clk2/U0/inst_fifo_gen/gconvfifo.rf/grf.rf/gntv_or_sync_fifo.gcx.clkx/wr_pntr_cdc_inst/dest_graysync_ff_reg[0][1]} {i_pcileech_pcie_a7/i_pcileech_pcie_tlp_a7/i_pcileech_tlps128_src_fifo/i_fifo_1_1_clk2/U0/inst_fifo_gen/gconvfifo.rf/grf.rf/gntv_or_sync_fifo.gcx.clkx/wr_pntr_cdc_inst/dest_graysync_ff_reg[0][2]} {i_pcileech_pcie_a7/i_pcileech_pcie_tlp_a7/i_pcileech_tlps128_src_fifo/i_fifo_1_1_clk2/U0/inst_fifo_gen/gconvfifo.rf/grf.rf/gntv_or_sync_fifo.gcx.clkx/wr_pntr_cdc_inst/dest_graysync_ff_reg[0][3]}]]
                                                                              Slow             10.000       0.505      9.495
7   77        [get_cells [list {i_pcileech_com/i_fifo_256_32_clk2_comtx/U0/inst_fifo_gen/gconvfifo.rf/grf.rf/gntv_or_sync_fifo.gcx.clkx/wr_pntr_cdc_inst/src_gray_ff_reg[0]} \
          {i_pcileech_com/i_fifo_256_32_clk2_comtx/U0/inst_fifo_gen/gconvfifo.rf/grf.rf/gntv_or_sync_fifo.gcx.clkx/wr_pntr_cdc_inst/src_gray_ff_reg[10]} \
          {i_pcileech_com/i_fifo_256_32_clk2_comtx/U0/inst_fifo_gen/gconvfifo.rf/grf.rf/gntv_or_sync_fifo.gcx.clkx/wr_pntr_cdc_inst/src_gray_ff_reg[11]} \
          {i_pcileech_com/i_fifo_256_32_clk2_comtx/U0/inst_fifo_gen/gconvfifo.rf/grf.rf/gntv_or_sync_fifo.gcx.clkx/wr_pntr_cdc_inst/src_gray_ff_reg[12]} \
          {i_pcileech_com/i_fifo_256_32_clk2_comtx/U0/inst_fifo_gen/gconvfifo.rf/grf.rf/gntv_or_sync_fifo.gcx.clkx/wr_pntr_cdc_inst/src_gray_ff_reg[1]} \
          {i_pcileech_com/i_fifo_256_32_clk2_comtx/U0/inst_fifo_gen/gconvfifo.rf/grf.rf/gntv_or_sync_fifo.gcx.clkx/wr_pntr_cdc_inst/src_gray_ff_reg[2]} \
          {i_pcileech_com/i_fifo_256_32_clk2_comtx/U0/inst_fifo_gen/gconvfifo.rf/grf.rf/gntv_or_sync_fifo.gcx.clkx/wr_pntr_cdc_inst/src_gray_ff_reg[3]} \
          {i_pcileech_com/i_fifo_256_32_clk2_comtx/U0/inst_fifo_gen/gconvfifo.rf/grf.rf/gntv_or_sync_fifo.gcx.clkx/wr_pntr_cdc_inst/src_gray_ff_reg[4]} \
          {i_pcileech_com/i_fifo_256_32_clk2_comtx/U0/inst_fifo_gen/gconvfifo.rf/grf.rf/gntv_or_sync_fifo.gcx.clkx/wr_pntr_cdc_inst/src_gray_ff_reg[5]} \
          {i_pcileech_com/i_fifo_256_32_clk2_comtx/U0/inst_fifo_gen/gconvfifo.rf/grf.rf/gntv_or_sync_fifo.gcx.clkx/wr_pntr_cdc_inst/src_gray_ff_reg[6]} \
          {i_pcileech_com/i_fifo_256_32_clk2_comtx/U0/inst_fifo_gen/gconvfifo.rf/grf.rf/gntv_or_sync_fifo.gcx.clkx/wr_pntr_cdc_inst/src_gray_ff_reg[7]} \
          {i_pcileech_com/i_fifo_256_32_clk2_comtx/U0/inst_fifo_gen/gconvfifo.rf/grf.rf/gntv_or_sync_fifo.gcx.clkx/wr_pntr_cdc_inst/src_gray_ff_reg[8]} \
          {i_pcileech_com/i_fifo_256_32_clk2_comtx/U0/inst_fifo_gen/gconvfifo.rf/grf.rf/gntv_or_sync_fifo.gcx.clkx/wr_pntr_cdc_inst/src_gray_ff_reg[9]}]]
                                              [get_cells [list {i_pcileech_com/i_fifo_256_32_clk2_comtx/U0/inst_fifo_gen/gconvfifo.rf/grf.rf/gntv_or_sync_fifo.gcx.clkx/wr_pntr_cdc_inst/dest_graysync_ff_reg[0][0]} \
          {i_pcileech_com/i_fifo_256_32_clk2_comtx/U0/inst_fifo_gen/gconvfifo.rf/grf.rf/gntv_or_sync_fifo.gcx.clkx/wr_pntr_cdc_inst/dest_graysync_ff_reg[0][10]} \
          {i_pcileech_com/i_fifo_256_32_clk2_comtx/U0/inst_fifo_gen/gconvfifo.rf/grf.rf/gntv_or_sync_fifo.gcx.clkx/wr_pntr_cdc_inst/dest_graysync_ff_reg[0][11]} \
          {i_pcileech_com/i_fifo_256_32_clk2_comtx/U0/inst_fifo_gen/gconvfifo.rf/grf.rf/gntv_or_sync_fifo.gcx.clkx/wr_pntr_cdc_inst/dest_graysync_ff_reg[0][12]} \
          {i_pcileech_com/i_fifo_256_32_clk2_comtx/U0/inst_fifo_gen/gconvfifo.rf/grf.rf/gntv_or_sync_fifo.gcx.clkx/wr_pntr_cdc_inst/dest_graysync_ff_reg[0][1]} \
          {i_pcileech_com/i_fifo_256_32_clk2_comtx/U0/inst_fifo_gen/gconvfifo.rf/grf.rf/gntv_or_sync_fifo.gcx.clkx/wr_pntr_cdc_inst/dest_graysync_ff_reg[0][2]} \
          {i_pcileech_com/i_fifo_256_32_clk2_comtx/U0/inst_fifo_gen/gconvfifo.rf/grf.rf/gntv_or_sync_fifo.gcx.clkx/wr_pntr_cdc_inst/dest_graysync_ff_reg[0][3]} \
          {i_pcileech_com/i_fifo_256_32_clk2_comtx/U0/inst_fifo_gen/gconvfifo.rf/grf.rf/gntv_or_sync_fifo.gcx.clkx/wr_pntr_cdc_inst/dest_graysync_ff_reg[0][4]} \
          {i_pcileech_com/i_fifo_256_32_clk2_comtx/U0/inst_fifo_gen/gconvfifo.rf/grf.rf/gntv_or_sync_fifo.gcx.clkx/wr_pntr_cdc_inst/dest_graysync_ff_reg[0][5]} \
          {i_pcileech_com/i_fifo_256_32_clk2_comtx/U0/inst_fifo_gen/gconvfifo.rf/grf.rf/gntv_or_sync_fifo.gcx.clkx/wr_pntr_cdc_inst/dest_graysync_ff_reg[0][6]} \
          {i_pcileech_com/i_fifo_256_32_clk2_comtx/U0/inst_fifo_gen/gconvfifo.rf/grf.rf/gntv_or_sync_fifo.gcx.clkx/wr_pntr_cdc_inst/dest_graysync_ff_reg[0][7]} \
          {i_pcileech_com/i_fifo_256_32_clk2_comtx/U0/inst_fifo_gen/gconvfifo.rf/grf.rf/gntv_or_sync_fifo.gcx.clkx/wr_pntr_cdc_inst/dest_graysync_ff_reg[0][8]} \
          {i_pcileech_com/i_fifo_256_32_clk2_comtx/U0/inst_fifo_gen/gconvfifo.rf/grf.rf/gntv_or_sync_fifo.gcx.clkx/wr_pntr_cdc_inst/dest_graysync_ff_reg[0][9]}]]
                                                                              Slow             10.000       0.827      9.173
8   79        [get_cells [list {i_pcileech_com/i_fifo_256_32_clk2_comtx/U0/inst_fifo_gen/gconvfifo.rf/grf.rf/gntv_or_sync_fifo.gcx.clkx/rd_pntr_cdc_inst/src_gray_ff_reg[9]} \
          {i_pcileech_com/i_fifo_256_32_clk2_comtx/U0/inst_fifo_gen/gconvfifo.rf/grf.rf/gntv_or_sync_fifo.gcx.clkx/rd_pntr_cdc_inst/src_gray_ff_reg[10]} \
          {i_pcileech_com/i_fifo_256_32_clk2_comtx/U0/inst_fifo_gen/gconvfifo.rf/grf.rf/gntv_or_sync_fifo.gcx.clkx/rd_pntr_cdc_inst/src_gray_ff_reg[11]} \
          {i_pcileech_com/i_fifo_256_32_clk2_comtx/U0/inst_fifo_gen/gconvfifo.rf/grf.rf/gntv_or_sync_fifo.gcx.clkx/rd_pntr_cdc_inst/src_gray_ff_reg[12]} \
          {i_pcileech_com/i_fifo_256_32_clk2_comtx/U0/inst_fifo_gen/gconvfifo.rf/grf.rf/gntv_or_sync_fifo.gcx.clkx/rd_pntr_cdc_inst/src_gray_ff_reg[13]} \
          {i_pcileech_com/i_fifo_256_32_clk2_comtx/U0/inst_fifo_gen/gconvfifo.rf/grf.rf/gntv_or_sync_fifo.gcx.clkx/rd_pntr_cdc_inst/src_gray_ff_reg[14]} \
          {i_pcileech_com/i_fifo_256_32_clk2_comtx/U0/inst_fifo_gen/gconvfifo.rf/grf.rf/gntv_or_sync_fifo.gcx.clkx/rd_pntr_cdc_inst/src_gray_ff_reg[15]} \
          {i_pcileech_com/i_fifo_256_32_clk2_comtx/U0/inst_fifo_gen/gconvfifo.rf/grf.rf/gntv_or_sync_fifo.gcx.clkx/rd_pntr_cdc_inst/src_gray_ff_reg[8]} \
          {i_pcileech_com/i_fifo_256_32_clk2_comtx/U0/inst_fifo_gen/gconvfifo.rf/grf.rf/gntv_or_sync_fifo.gcx.clkx/rd_pntr_cdc_inst/src_gray_ff_reg[7]} \
          {i_pcileech_com/i_fifo_256_32_clk2_comtx/U0/inst_fifo_gen/gconvfifo.rf/grf.rf/gntv_or_sync_fifo.gcx.clkx/rd_pntr_cdc_inst/src_gray_ff_reg[3]} \
          {i_pcileech_com/i_fifo_256_32_clk2_comtx/U0/inst_fifo_gen/gconvfifo.rf/grf.rf/gntv_or_sync_fifo.gcx.clkx/rd_pntr_cdc_inst/src_gray_ff_reg[4]} \
          {i_pcileech_com/i_fifo_256_32_clk2_comtx/U0/inst_fifo_gen/gconvfifo.rf/grf.rf/gntv_or_sync_fifo.gcx.clkx/rd_pntr_cdc_inst/src_gray_ff_reg[5]} \
          {i_pcileech_com/i_fifo_256_32_clk2_comtx/U0/inst_fifo_gen/gconvfifo.rf/grf.rf/gntv_or_sync_fifo.gcx.clkx/rd_pntr_cdc_inst/src_gray_ff_reg[6]}]]
                                              [get_cells [list {i_pcileech_com/i_fifo_256_32_clk2_comtx/U0/inst_fifo_gen/gconvfifo.rf/grf.rf/gntv_or_sync_fifo.gcx.clkx/rd_pntr_cdc_inst/dest_graysync_ff_reg[0][9]} \
          {i_pcileech_com/i_fifo_256_32_clk2_comtx/U0/inst_fifo_gen/gconvfifo.rf/grf.rf/gntv_or_sync_fifo.gcx.clkx/rd_pntr_cdc_inst/dest_graysync_ff_reg[0][10]} \
          {i_pcileech_com/i_fifo_256_32_clk2_comtx/U0/inst_fifo_gen/gconvfifo.rf/grf.rf/gntv_or_sync_fifo.gcx.clkx/rd_pntr_cdc_inst/dest_graysync_ff_reg[0][11]} \
          {i_pcileech_com/i_fifo_256_32_clk2_comtx/U0/inst_fifo_gen/gconvfifo.rf/grf.rf/gntv_or_sync_fifo.gcx.clkx/rd_pntr_cdc_inst/dest_graysync_ff_reg[0][12]} \
          {i_pcileech_com/i_fifo_256_32_clk2_comtx/U0/inst_fifo_gen/gconvfifo.rf/grf.rf/gntv_or_sync_fifo.gcx.clkx/rd_pntr_cdc_inst/dest_graysync_ff_reg[0][13]} \
          {i_pcileech_com/i_fifo_256_32_clk2_comtx/U0/inst_fifo_gen/gconvfifo.rf/grf.rf/gntv_or_sync_fifo.gcx.clkx/rd_pntr_cdc_inst/dest_graysync_ff_reg[0][14]} \
          {i_pcileech_com/i_fifo_256_32_clk2_comtx/U0/inst_fifo_gen/gconvfifo.rf/grf.rf/gntv_or_sync_fifo.gcx.clkx/rd_pntr_cdc_inst/dest_graysync_ff_reg[0][15]} \
          {i_pcileech_com/i_fifo_256_32_clk2_comtx/U0/inst_fifo_gen/gconvfifo.rf/grf.rf/gntv_or_sync_fifo.gcx.clkx/rd_pntr_cdc_inst/dest_graysync_ff_reg[0][8]} \
          {i_pcileech_com/i_fifo_256_32_clk2_comtx/U0/inst_fifo_gen/gconvfifo.rf/grf.rf/gntv_or_sync_fifo.gcx.clkx/rd_pntr_cdc_inst/dest_graysync_ff_reg[0][7]} \
          {i_pcileech_com/i_fifo_256_32_clk2_comtx/U0/inst_fifo_gen/gconvfifo.rf/grf.rf/gntv_or_sync_fifo.gcx.clkx/rd_pntr_cdc_inst/dest_graysync_ff_reg[0][3]} \
          {i_pcileech_com/i_fifo_256_32_clk2_comtx/U0/inst_fifo_gen/gconvfifo.rf/grf.rf/gntv_or_sync_fifo.gcx.clkx/rd_pntr_cdc_inst/dest_graysync_ff_reg[0][4]} \
          {i_pcileech_com/i_fifo_256_32_clk2_comtx/U0/inst_fifo_gen/gconvfifo.rf/grf.rf/gntv_or_sync_fifo.gcx.clkx/rd_pntr_cdc_inst/dest_graysync_ff_reg[0][5]} \
          {i_pcileech_com/i_fifo_256_32_clk2_comtx/U0/inst_fifo_gen/gconvfifo.rf/grf.rf/gntv_or_sync_fifo.gcx.clkx/rd_pntr_cdc_inst/dest_graysync_ff_reg[0][6]}]]
                                                                              Slow             10.000       0.795      9.205
9   81        [get_cells [list {i_pcileech_pcie_a7/i_pcileech_pcie_cfg_a7/i_fifo_pcie_cfg_rx/U0/inst_fifo_gen/gconvfifo.rf/grf.rf/gntv_or_sync_fifo.gcx.clkx/rd_pntr_cdc_inst/src_gray_ff_reg[0]} {i_pcileech_pcie_a7/i_pcileech_pcie_cfg_a7/i_fifo_pcie_cfg_rx/U0/inst_fifo_gen/gconvfifo.rf/grf.rf/gntv_or_sync_fifo.gcx.clkx/rd_pntr_cdc_inst/src_gray_ff_reg[1]} {i_pcileech_pcie_a7/i_pcileech_pcie_cfg_a7/i_fifo_pcie_cfg_rx/U0/inst_fifo_gen/gconvfifo.rf/grf.rf/gntv_or_sync_fifo.gcx.clkx/rd_pntr_cdc_inst/src_gray_ff_reg[2]} {i_pcileech_pcie_a7/i_pcileech_pcie_cfg_a7/i_fifo_pcie_cfg_rx/U0/inst_fifo_gen/gconvfifo.rf/grf.rf/gntv_or_sync_fifo.gcx.clkx/rd_pntr_cdc_inst/src_gray_ff_reg[3]} {i_pcileech_pcie_a7/i_pcileech_pcie_cfg_a7/i_fifo_pcie_cfg_rx/U0/inst_fifo_gen/gconvfifo.rf/grf.rf/gntv_or_sync_fifo.gcx.clkx/rd_pntr_cdc_inst/src_gray_ff_reg[4]} {i_pcileech_pcie_a7/i_pcileech_pcie_cfg_a7/i_fifo_pcie_cfg_rx/U0/inst_fifo_gen/gconvfifo.rf/grf.rf/gntv_or_sync_fifo.gcx.clkx/rd_pntr_cdc_inst/src_gray_ff_reg[5]} {i_pcileech_pcie_a7/i_pcileech_pcie_cfg_a7/i_fifo_pcie_cfg_rx/U0/inst_fifo_gen/gconvfifo.rf/grf.rf/gntv_or_sync_fifo.gcx.clkx/rd_pntr_cdc_inst/src_gray_ff_reg[6]} {i_pcileech_pcie_a7/i_pcileech_pcie_cfg_a7/i_fifo_pcie_cfg_rx/U0/inst_fifo_gen/gconvfifo.rf/grf.rf/gntv_or_sync_fifo.gcx.clkx/rd_pntr_cdc_inst/src_gray_ff_reg[7]} {i_pcileech_pcie_a7/i_pcileech_pcie_cfg_a7/i_fifo_pcie_cfg_rx/U0/inst_fifo_gen/gconvfifo.rf/grf.rf/gntv_or_sync_fifo.gcx.clkx/rd_pntr_cdc_inst/src_gray_ff_reg[8]}]]
                                              [get_cells [list {i_pcileech_pcie_a7/i_pcileech_pcie_cfg_a7/i_fifo_pcie_cfg_rx/U0/inst_fifo_gen/gconvfifo.rf/grf.rf/gntv_or_sync_fifo.gcx.clkx/rd_pntr_cdc_inst/dest_graysync_ff_reg[0][0]} {i_pcileech_pcie_a7/i_pcileech_pcie_cfg_a7/i_fifo_pcie_cfg_rx/U0/inst_fifo_gen/gconvfifo.rf/grf.rf/gntv_or_sync_fifo.gcx.clkx/rd_pntr_cdc_inst/dest_graysync_ff_reg[0][1]} {i_pcileech_pcie_a7/i_pcileech_pcie_cfg_a7/i_fifo_pcie_cfg_rx/U0/inst_fifo_gen/gconvfifo.rf/grf.rf/gntv_or_sync_fifo.gcx.clkx/rd_pntr_cdc_inst/dest_graysync_ff_reg[0][2]} {i_pcileech_pcie_a7/i_pcileech_pcie_cfg_a7/i_fifo_pcie_cfg_rx/U0/inst_fifo_gen/gconvfifo.rf/grf.rf/gntv_or_sync_fifo.gcx.clkx/rd_pntr_cdc_inst/dest_graysync_ff_reg[0][3]} {i_pcileech_pcie_a7/i_pcileech_pcie_cfg_a7/i_fifo_pcie_cfg_rx/U0/inst_fifo_gen/gconvfifo.rf/grf.rf/gntv_or_sync_fifo.gcx.clkx/rd_pntr_cdc_inst/dest_graysync_ff_reg[0][4]} {i_pcileech_pcie_a7/i_pcileech_pcie_cfg_a7/i_fifo_pcie_cfg_rx/U0/inst_fifo_gen/gconvfifo.rf/grf.rf/gntv_or_sync_fifo.gcx.clkx/rd_pntr_cdc_inst/dest_graysync_ff_reg[0][5]} {i_pcileech_pcie_a7/i_pcileech_pcie_cfg_a7/i_fifo_pcie_cfg_rx/U0/inst_fifo_gen/gconvfifo.rf/grf.rf/gntv_or_sync_fifo.gcx.clkx/rd_pntr_cdc_inst/dest_graysync_ff_reg[0][6]} {i_pcileech_pcie_a7/i_pcileech_pcie_cfg_a7/i_fifo_pcie_cfg_rx/U0/inst_fifo_gen/gconvfifo.rf/grf.rf/gntv_or_sync_fifo.gcx.clkx/rd_pntr_cdc_inst/dest_graysync_ff_reg[0][7]} {i_pcileech_pcie_a7/i_pcileech_pcie_cfg_a7/i_fifo_pcie_cfg_rx/U0/inst_fifo_gen/gconvfifo.rf/grf.rf/gntv_or_sync_fifo.gcx.clkx/rd_pntr_cdc_inst/dest_graysync_ff_reg[0][8]}]]
                                                                              Slow             10.000       0.765      9.235
10  83        [get_cells [list {i_pcileech_pcie_a7/i_pcileech_pcie_cfg_a7/i_fifo_pcie_cfg_rx/U0/inst_fifo_gen/gconvfifo.rf/grf.rf/gntv_or_sync_fifo.gcx.clkx/wr_pntr_cdc_inst/src_gray_ff_reg[0]} {i_pcileech_pcie_a7/i_pcileech_pcie_cfg_a7/i_fifo_pcie_cfg_rx/U0/inst_fifo_gen/gconvfifo.rf/grf.rf/gntv_or_sync_fifo.gcx.clkx/wr_pntr_cdc_inst/src_gray_ff_reg[1]} {i_pcileech_pcie_a7/i_pcileech_pcie_cfg_a7/i_fifo_pcie_cfg_rx/U0/inst_fifo_gen/gconvfifo.rf/grf.rf/gntv_or_sync_fifo.gcx.clkx/wr_pntr_cdc_inst/src_gray_ff_reg[2]} {i_pcileech_pcie_a7/i_pcileech_pcie_cfg_a7/i_fifo_pcie_cfg_rx/U0/inst_fifo_gen/gconvfifo.rf/grf.rf/gntv_or_sync_fifo.gcx.clkx/wr_pntr_cdc_inst/src_gray_ff_reg[3]} {i_pcileech_pcie_a7/i_pcileech_pcie_cfg_a7/i_fifo_pcie_cfg_rx/U0/inst_fifo_gen/gconvfifo.rf/grf.rf/gntv_or_sync_fifo.gcx.clkx/wr_pntr_cdc_inst/src_gray_ff_reg[4]} {i_pcileech_pcie_a7/i_pcileech_pcie_cfg_a7/i_fifo_pcie_cfg_rx/U0/inst_fifo_gen/gconvfifo.rf/grf.rf/gntv_or_sync_fifo.gcx.clkx/wr_pntr_cdc_inst/src_gray_ff_reg[5]} {i_pcileech_pcie_a7/i_pcileech_pcie_cfg_a7/i_fifo_pcie_cfg_rx/U0/inst_fifo_gen/gconvfifo.rf/grf.rf/gntv_or_sync_fifo.gcx.clkx/wr_pntr_cdc_inst/src_gray_ff_reg[6]} {i_pcileech_pcie_a7/i_pcileech_pcie_cfg_a7/i_fifo_pcie_cfg_rx/U0/inst_fifo_gen/gconvfifo.rf/grf.rf/gntv_or_sync_fifo.gcx.clkx/wr_pntr_cdc_inst/src_gray_ff_reg[7]} {i_pcileech_pcie_a7/i_pcileech_pcie_cfg_a7/i_fifo_pcie_cfg_rx/U0/inst_fifo_gen/gconvfifo.rf/grf.rf/gntv_or_sync_fifo.gcx.clkx/wr_pntr_cdc_inst/src_gray_ff_reg[8]}]]
                                              [get_cells [list {i_pcileech_pcie_a7/i_pcileech_pcie_cfg_a7/i_fifo_pcie_cfg_rx/U0/inst_fifo_gen/gconvfifo.rf/grf.rf/gntv_or_sync_fifo.gcx.clkx/wr_pntr_cdc_inst/dest_graysync_ff_reg[0][0]} {i_pcileech_pcie_a7/i_pcileech_pcie_cfg_a7/i_fifo_pcie_cfg_rx/U0/inst_fifo_gen/gconvfifo.rf/grf.rf/gntv_or_sync_fifo.gcx.clkx/wr_pntr_cdc_inst/dest_graysync_ff_reg[0][1]} {i_pcileech_pcie_a7/i_pcileech_pcie_cfg_a7/i_fifo_pcie_cfg_rx/U0/inst_fifo_gen/gconvfifo.rf/grf.rf/gntv_or_sync_fifo.gcx.clkx/wr_pntr_cdc_inst/dest_graysync_ff_reg[0][2]} {i_pcileech_pcie_a7/i_pcileech_pcie_cfg_a7/i_fifo_pcie_cfg_rx/U0/inst_fifo_gen/gconvfifo.rf/grf.rf/gntv_or_sync_fifo.gcx.clkx/wr_pntr_cdc_inst/dest_graysync_ff_reg[0][3]} {i_pcileech_pcie_a7/i_pcileech_pcie_cfg_a7/i_fifo_pcie_cfg_rx/U0/inst_fifo_gen/gconvfifo.rf/grf.rf/gntv_or_sync_fifo.gcx.clkx/wr_pntr_cdc_inst/dest_graysync_ff_reg[0][4]} {i_pcileech_pcie_a7/i_pcileech_pcie_cfg_a7/i_fifo_pcie_cfg_rx/U0/inst_fifo_gen/gconvfifo.rf/grf.rf/gntv_or_sync_fifo.gcx.clkx/wr_pntr_cdc_inst/dest_graysync_ff_reg[0][5]} {i_pcileech_pcie_a7/i_pcileech_pcie_cfg_a7/i_fifo_pcie_cfg_rx/U0/inst_fifo_gen/gconvfifo.rf/grf.rf/gntv_or_sync_fifo.gcx.clkx/wr_pntr_cdc_inst/dest_graysync_ff_reg[0][6]} {i_pcileech_pcie_a7/i_pcileech_pcie_cfg_a7/i_fifo_pcie_cfg_rx/U0/inst_fifo_gen/gconvfifo.rf/grf.rf/gntv_or_sync_fifo.gcx.clkx/wr_pntr_cdc_inst/dest_graysync_ff_reg[0][7]} {i_pcileech_pcie_a7/i_pcileech_pcie_cfg_a7/i_fifo_pcie_cfg_rx/U0/inst_fifo_gen/gconvfifo.rf/grf.rf/gntv_or_sync_fifo.gcx.clkx/wr_pntr_cdc_inst/dest_graysync_ff_reg[0][8]}]]
                                                                              Slow             10.000       0.716      9.284
11  85        [get_cells [list {i_pcileech_pcie_a7/i_pcileech_pcie_tlp_a7/i_pcileech_tlps128_cfgspace_shadow/i_fifo_43_43_clk2/U0/inst_fifo_gen/gconvfifo.rf/grf.rf/gntv_or_sync_fifo.gcx.clkx/rd_pntr_cdc_inst/src_gray_ff_reg[0]} {i_pcileech_pcie_a7/i_pcileech_pcie_tlp_a7/i_pcileech_tlps128_cfgspace_shadow/i_fifo_43_43_clk2/U0/inst_fifo_gen/gconvfifo.rf/grf.rf/gntv_or_sync_fifo.gcx.clkx/rd_pntr_cdc_inst/src_gray_ff_reg[1]} {i_pcileech_pcie_a7/i_pcileech_pcie_tlp_a7/i_pcileech_tlps128_cfgspace_shadow/i_fifo_43_43_clk2/U0/inst_fifo_gen/gconvfifo.rf/grf.rf/gntv_or_sync_fifo.gcx.clkx/rd_pntr_cdc_inst/src_gray_ff_reg[2]} {i_pcileech_pcie_a7/i_pcileech_pcie_tlp_a7/i_pcileech_tlps128_cfgspace_shadow/i_fifo_43_43_clk2/U0/inst_fifo_gen/gconvfifo.rf/grf.rf/gntv_or_sync_fifo.gcx.clkx/rd_pntr_cdc_inst/src_gray_ff_reg[3]}]]
                                              [get_cells [list {i_pcileech_pcie_a7/i_pcileech_pcie_tlp_a7/i_pcileech_tlps128_cfgspace_shadow/i_fifo_43_43_clk2/U0/inst_fifo_gen/gconvfifo.rf/grf.rf/gntv_or_sync_fifo.gcx.clkx/rd_pntr_cdc_inst/dest_graysync_ff_reg[0][0]} {i_pcileech_pcie_a7/i_pcileech_pcie_tlp_a7/i_pcileech_tlps128_cfgspace_shadow/i_fifo_43_43_clk2/U0/inst_fifo_gen/gconvfifo.rf/grf.rf/gntv_or_sync_fifo.gcx.clkx/rd_pntr_cdc_inst/dest_graysync_ff_reg[0][1]} {i_pcileech_pcie_a7/i_pcileech_pcie_tlp_a7/i_pcileech_tlps128_cfgspace_shadow/i_fifo_43_43_clk2/U0/inst_fifo_gen/gconvfifo.rf/grf.rf/gntv_or_sync_fifo.gcx.clkx/rd_pntr_cdc_inst/dest_graysync_ff_reg[0][2]} {i_pcileech_pcie_a7/i_pcileech_pcie_tlp_a7/i_pcileech_tlps128_cfgspace_shadow/i_fifo_43_43_clk2/U0/inst_fifo_gen/gconvfifo.rf/grf.rf/gntv_or_sync_fifo.gcx.clkx/rd_pntr_cdc_inst/dest_graysync_ff_reg[0][3]}]]
                                                                              Slow             10.000       0.646      9.354
12  87        [get_cells [list {i_pcileech_pcie_a7/i_pcileech_pcie_tlp_a7/i_pcileech_tlps128_cfgspace_shadow/i_fifo_43_43_clk2/U0/inst_fifo_gen/gconvfifo.rf/grf.rf/gntv_or_sync_fifo.gcx.clkx/wr_pntr_cdc_inst/src_gray_ff_reg[0]} {i_pcileech_pcie_a7/i_pcileech_pcie_tlp_a7/i_pcileech_tlps128_cfgspace_shadow/i_fifo_43_43_clk2/U0/inst_fifo_gen/gconvfifo.rf/grf.rf/gntv_or_sync_fifo.gcx.clkx/wr_pntr_cdc_inst/src_gray_ff_reg[1]} {i_pcileech_pcie_a7/i_pcileech_pcie_tlp_a7/i_pcileech_tlps128_cfgspace_shadow/i_fifo_43_43_clk2/U0/inst_fifo_gen/gconvfifo.rf/grf.rf/gntv_or_sync_fifo.gcx.clkx/wr_pntr_cdc_inst/src_gray_ff_reg[2]} {i_pcileech_pcie_a7/i_pcileech_pcie_tlp_a7/i_pcileech_tlps128_cfgspace_shadow/i_fifo_43_43_clk2/U0/inst_fifo_gen/gconvfifo.rf/grf.rf/gntv_or_sync_fifo.gcx.clkx/wr_pntr_cdc_inst/src_gray_ff_reg[3]}]]
                                              [get_cells [list {i_pcileech_pcie_a7/i_pcileech_pcie_tlp_a7/i_pcileech_tlps128_cfgspace_shadow/i_fifo_43_43_clk2/U0/inst_fifo_gen/gconvfifo.rf/grf.rf/gntv_or_sync_fifo.gcx.clkx/wr_pntr_cdc_inst/dest_graysync_ff_reg[0][0]} {i_pcileech_pcie_a7/i_pcileech_pcie_tlp_a7/i_pcileech_tlps128_cfgspace_shadow/i_fifo_43_43_clk2/U0/inst_fifo_gen/gconvfifo.rf/grf.rf/gntv_or_sync_fifo.gcx.clkx/wr_pntr_cdc_inst/dest_graysync_ff_reg[0][1]} {i_pcileech_pcie_a7/i_pcileech_pcie_tlp_a7/i_pcileech_tlps128_cfgspace_shadow/i_fifo_43_43_clk2/U0/inst_fifo_gen/gconvfifo.rf/grf.rf/gntv_or_sync_fifo.gcx.clkx/wr_pntr_cdc_inst/dest_graysync_ff_reg[0][2]} {i_pcileech_pcie_a7/i_pcileech_pcie_tlp_a7/i_pcileech_tlps128_cfgspace_shadow/i_fifo_43_43_clk2/U0/inst_fifo_gen/gconvfifo.rf/grf.rf/gntv_or_sync_fifo.gcx.clkx/wr_pntr_cdc_inst/dest_graysync_ff_reg[0][3]}]]
                                                                              Slow             10.000       0.684      9.316
13  89        [get_cells [list {i_pcileech_pcie_a7/i_pcileech_pcie_tlp_a7/i_pcileech_tlps128_cfgspace_shadow/i_fifo_49_49_clk2/U0/inst_fifo_gen/gconvfifo.rf/grf.rf/gntv_or_sync_fifo.gcx.clkx/rd_pntr_cdc_inst/src_gray_ff_reg[0]} {i_pcileech_pcie_a7/i_pcileech_pcie_tlp_a7/i_pcileech_tlps128_cfgspace_shadow/i_fifo_49_49_clk2/U0/inst_fifo_gen/gconvfifo.rf/grf.rf/gntv_or_sync_fifo.gcx.clkx/rd_pntr_cdc_inst/src_gray_ff_reg[1]} {i_pcileech_pcie_a7/i_pcileech_pcie_tlp_a7/i_pcileech_tlps128_cfgspace_shadow/i_fifo_49_49_clk2/U0/inst_fifo_gen/gconvfifo.rf/grf.rf/gntv_or_sync_fifo.gcx.clkx/rd_pntr_cdc_inst/src_gray_ff_reg[2]} {i_pcileech_pcie_a7/i_pcileech_pcie_tlp_a7/i_pcileech_tlps128_cfgspace_shadow/i_fifo_49_49_clk2/U0/inst_fifo_gen/gconvfifo.rf/grf.rf/gntv_or_sync_fifo.gcx.clkx/rd_pntr_cdc_inst/src_gray_ff_reg[3]}]]
                                              [get_cells [list {i_pcileech_pcie_a7/i_pcileech_pcie_tlp_a7/i_pcileech_tlps128_cfgspace_shadow/i_fifo_49_49_clk2/U0/inst_fifo_gen/gconvfifo.rf/grf.rf/gntv_or_sync_fifo.gcx.clkx/rd_pntr_cdc_inst/dest_graysync_ff_reg[0][0]} {i_pcileech_pcie_a7/i_pcileech_pcie_tlp_a7/i_pcileech_tlps128_cfgspace_shadow/i_fifo_49_49_clk2/U0/inst_fifo_gen/gconvfifo.rf/grf.rf/gntv_or_sync_fifo.gcx.clkx/rd_pntr_cdc_inst/dest_graysync_ff_reg[0][1]} {i_pcileech_pcie_a7/i_pcileech_pcie_tlp_a7/i_pcileech_tlps128_cfgspace_shadow/i_fifo_49_49_clk2/U0/inst_fifo_gen/gconvfifo.rf/grf.rf/gntv_or_sync_fifo.gcx.clkx/rd_pntr_cdc_inst/dest_graysync_ff_reg[0][2]} {i_pcileech_pcie_a7/i_pcileech_pcie_tlp_a7/i_pcileech_tlps128_cfgspace_shadow/i_fifo_49_49_clk2/U0/inst_fifo_gen/gconvfifo.rf/grf.rf/gntv_or_sync_fifo.gcx.clkx/rd_pntr_cdc_inst/dest_graysync_ff_reg[0][3]}]]
                                                                              Slow             10.000       0.494      9.506
14  91        [get_cells [list {i_pcileech_pcie_a7/i_pcileech_pcie_tlp_a7/i_pcileech_tlps128_cfgspace_shadow/i_fifo_49_49_clk2/U0/inst_fifo_gen/gconvfifo.rf/grf.rf/gntv_or_sync_fifo.gcx.clkx/wr_pntr_cdc_inst/src_gray_ff_reg[0]} {i_pcileech_pcie_a7/i_pcileech_pcie_tlp_a7/i_pcileech_tlps128_cfgspace_shadow/i_fifo_49_49_clk2/U0/inst_fifo_gen/gconvfifo.rf/grf.rf/gntv_or_sync_fifo.gcx.clkx/wr_pntr_cdc_inst/src_gray_ff_reg[1]} {i_pcileech_pcie_a7/i_pcileech_pcie_tlp_a7/i_pcileech_tlps128_cfgspace_shadow/i_fifo_49_49_clk2/U0/inst_fifo_gen/gconvfifo.rf/grf.rf/gntv_or_sync_fifo.gcx.clkx/wr_pntr_cdc_inst/src_gray_ff_reg[2]} {i_pcileech_pcie_a7/i_pcileech_pcie_tlp_a7/i_pcileech_tlps128_cfgspace_shadow/i_fifo_49_49_clk2/U0/inst_fifo_gen/gconvfifo.rf/grf.rf/gntv_or_sync_fifo.gcx.clkx/wr_pntr_cdc_inst/src_gray_ff_reg[3]}]]
                                              [get_cells [list {i_pcileech_pcie_a7/i_pcileech_pcie_tlp_a7/i_pcileech_tlps128_cfgspace_shadow/i_fifo_49_49_clk2/U0/inst_fifo_gen/gconvfifo.rf/grf.rf/gntv_or_sync_fifo.gcx.clkx/wr_pntr_cdc_inst/dest_graysync_ff_reg[0][0]} {i_pcileech_pcie_a7/i_pcileech_pcie_tlp_a7/i_pcileech_tlps128_cfgspace_shadow/i_fifo_49_49_clk2/U0/inst_fifo_gen/gconvfifo.rf/grf.rf/gntv_or_sync_fifo.gcx.clkx/wr_pntr_cdc_inst/dest_graysync_ff_reg[0][1]} {i_pcileech_pcie_a7/i_pcileech_pcie_tlp_a7/i_pcileech_tlps128_cfgspace_shadow/i_fifo_49_49_clk2/U0/inst_fifo_gen/gconvfifo.rf/grf.rf/gntv_or_sync_fifo.gcx.clkx/wr_pntr_cdc_inst/dest_graysync_ff_reg[0][2]} {i_pcileech_pcie_a7/i_pcileech_pcie_tlp_a7/i_pcileech_tlps128_cfgspace_shadow/i_fifo_49_49_clk2/U0/inst_fifo_gen/gconvfifo.rf/grf.rf/gntv_or_sync_fifo.gcx.clkx/wr_pntr_cdc_inst/dest_graysync_ff_reg[0][3]}]]
                                                                              Slow             10.000       0.749      9.251
15  93        [get_cells [list {i_pcileech_com/i_fifo_64_64_clk2_comrx/U0/inst_fifo_gen/gconvfifo.rf/grf.rf/gntv_or_sync_fifo.gcx.clkx/rd_pntr_cdc_inst/src_gray_ff_reg[0]} {i_pcileech_com/i_fifo_64_64_clk2_comrx/U0/inst_fifo_gen/gconvfifo.rf/grf.rf/gntv_or_sync_fifo.gcx.clkx/rd_pntr_cdc_inst/src_gray_ff_reg[1]} {i_pcileech_com/i_fifo_64_64_clk2_comrx/U0/inst_fifo_gen/gconvfifo.rf/grf.rf/gntv_or_sync_fifo.gcx.clkx/rd_pntr_cdc_inst/src_gray_ff_reg[2]} {i_pcileech_com/i_fifo_64_64_clk2_comrx/U0/inst_fifo_gen/gconvfifo.rf/grf.rf/gntv_or_sync_fifo.gcx.clkx/rd_pntr_cdc_inst/src_gray_ff_reg[3]}]]
                                              [get_cells [list {i_pcileech_com/i_fifo_64_64_clk2_comrx/U0/inst_fifo_gen/gconvfifo.rf/grf.rf/gntv_or_sync_fifo.gcx.clkx/rd_pntr_cdc_inst/dest_graysync_ff_reg[0][0]} {i_pcileech_com/i_fifo_64_64_clk2_comrx/U0/inst_fifo_gen/gconvfifo.rf/grf.rf/gntv_or_sync_fifo.gcx.clkx/rd_pntr_cdc_inst/dest_graysync_ff_reg[0][1]} {i_pcileech_com/i_fifo_64_64_clk2_comrx/U0/inst_fifo_gen/gconvfifo.rf/grf.rf/gntv_or_sync_fifo.gcx.clkx/rd_pntr_cdc_inst/dest_graysync_ff_reg[0][2]} {i_pcileech_com/i_fifo_64_64_clk2_comrx/U0/inst_fifo_gen/gconvfifo.rf/grf.rf/gntv_or_sync_fifo.gcx.clkx/rd_pntr_cdc_inst/dest_graysync_ff_reg[0][3]}]]
                                                                              Slow             10.000       0.730      9.270
16  95        [get_cells [list {i_pcileech_com/i_fifo_64_64_clk2_comrx/U0/inst_fifo_gen/gconvfifo.rf/grf.rf/gntv_or_sync_fifo.gcx.clkx/wr_pntr_cdc_inst/src_gray_ff_reg[0]} {i_pcileech_com/i_fifo_64_64_clk2_comrx/U0/inst_fifo_gen/gconvfifo.rf/grf.rf/gntv_or_sync_fifo.gcx.clkx/wr_pntr_cdc_inst/src_gray_ff_reg[1]} {i_pcileech_com/i_fifo_64_64_clk2_comrx/U0/inst_fifo_gen/gconvfifo.rf/grf.rf/gntv_or_sync_fifo.gcx.clkx/wr_pntr_cdc_inst/src_gray_ff_reg[2]} {i_pcileech_com/i_fifo_64_64_clk2_comrx/U0/inst_fifo_gen/gconvfifo.rf/grf.rf/gntv_or_sync_fifo.gcx.clkx/wr_pntr_cdc_inst/src_gray_ff_reg[3]}]]
                                              [get_cells [list {i_pcileech_com/i_fifo_64_64_clk2_comrx/U0/inst_fifo_gen/gconvfifo.rf/grf.rf/gntv_or_sync_fifo.gcx.clkx/wr_pntr_cdc_inst/dest_graysync_ff_reg[0][0]} {i_pcileech_com/i_fifo_64_64_clk2_comrx/U0/inst_fifo_gen/gconvfifo.rf/grf.rf/gntv_or_sync_fifo.gcx.clkx/wr_pntr_cdc_inst/dest_graysync_ff_reg[0][1]} {i_pcileech_com/i_fifo_64_64_clk2_comrx/U0/inst_fifo_gen/gconvfifo.rf/grf.rf/gntv_or_sync_fifo.gcx.clkx/wr_pntr_cdc_inst/dest_graysync_ff_reg[0][2]} {i_pcileech_com/i_fifo_64_64_clk2_comrx/U0/inst_fifo_gen/gconvfifo.rf/grf.rf/gntv_or_sync_fifo.gcx.clkx/wr_pntr_cdc_inst/dest_graysync_ff_reg[0][3]}]]
                                                                              Slow             10.000       0.504      9.496
17  97        [get_cells [list {i_pcileech_pcie_a7/i_pcileech_pcie_cfg_a7/i_fifo_pcie_cfg_tx/U0/inst_fifo_gen/gconvfifo.rf/grf.rf/gntv_or_sync_fifo.gcx.clkx/rd_pntr_cdc_inst/src_gray_ff_reg[0]} {i_pcileech_pcie_a7/i_pcileech_pcie_cfg_a7/i_fifo_pcie_cfg_tx/U0/inst_fifo_gen/gconvfifo.rf/grf.rf/gntv_or_sync_fifo.gcx.clkx/rd_pntr_cdc_inst/src_gray_ff_reg[1]} {i_pcileech_pcie_a7/i_pcileech_pcie_cfg_a7/i_fifo_pcie_cfg_tx/U0/inst_fifo_gen/gconvfifo.rf/grf.rf/gntv_or_sync_fifo.gcx.clkx/rd_pntr_cdc_inst/src_gray_ff_reg[2]} {i_pcileech_pcie_a7/i_pcileech_pcie_cfg_a7/i_fifo_pcie_cfg_tx/U0/inst_fifo_gen/gconvfifo.rf/grf.rf/gntv_or_sync_fifo.gcx.clkx/rd_pntr_cdc_inst/src_gray_ff_reg[3]} {i_pcileech_pcie_a7/i_pcileech_pcie_cfg_a7/i_fifo_pcie_cfg_tx/U0/inst_fifo_gen/gconvfifo.rf/grf.rf/gntv_or_sync_fifo.gcx.clkx/rd_pntr_cdc_inst/src_gray_ff_reg[4]} {i_pcileech_pcie_a7/i_pcileech_pcie_cfg_a7/i_fifo_pcie_cfg_tx/U0/inst_fifo_gen/gconvfifo.rf/grf.rf/gntv_or_sync_fifo.gcx.clkx/rd_pntr_cdc_inst/src_gray_ff_reg[5]} {i_pcileech_pcie_a7/i_pcileech_pcie_cfg_a7/i_fifo_pcie_cfg_tx/U0/inst_fifo_gen/gconvfifo.rf/grf.rf/gntv_or_sync_fifo.gcx.clkx/rd_pntr_cdc_inst/src_gray_ff_reg[6]} {i_pcileech_pcie_a7/i_pcileech_pcie_cfg_a7/i_fifo_pcie_cfg_tx/U0/inst_fifo_gen/gconvfifo.rf/grf.rf/gntv_or_sync_fifo.gcx.clkx/rd_pntr_cdc_inst/src_gray_ff_reg[7]}]]
                                              [get_cells [list {i_pcileech_pcie_a7/i_pcileech_pcie_cfg_a7/i_fifo_pcie_cfg_tx/U0/inst_fifo_gen/gconvfifo.rf/grf.rf/gntv_or_sync_fifo.gcx.clkx/rd_pntr_cdc_inst/dest_graysync_ff_reg[0][0]} {i_pcileech_pcie_a7/i_pcileech_pcie_cfg_a7/i_fifo_pcie_cfg_tx/U0/inst_fifo_gen/gconvfifo.rf/grf.rf/gntv_or_sync_fifo.gcx.clkx/rd_pntr_cdc_inst/dest_graysync_ff_reg[0][1]} {i_pcileech_pcie_a7/i_pcileech_pcie_cfg_a7/i_fifo_pcie_cfg_tx/U0/inst_fifo_gen/gconvfifo.rf/grf.rf/gntv_or_sync_fifo.gcx.clkx/rd_pntr_cdc_inst/dest_graysync_ff_reg[0][2]} {i_pcileech_pcie_a7/i_pcileech_pcie_cfg_a7/i_fifo_pcie_cfg_tx/U0/inst_fifo_gen/gconvfifo.rf/grf.rf/gntv_or_sync_fifo.gcx.clkx/rd_pntr_cdc_inst/dest_graysync_ff_reg[0][3]} {i_pcileech_pcie_a7/i_pcileech_pcie_cfg_a7/i_fifo_pcie_cfg_tx/U0/inst_fifo_gen/gconvfifo.rf/grf.rf/gntv_or_sync_fifo.gcx.clkx/rd_pntr_cdc_inst/dest_graysync_ff_reg[0][4]} {i_pcileech_pcie_a7/i_pcileech_pcie_cfg_a7/i_fifo_pcie_cfg_tx/U0/inst_fifo_gen/gconvfifo.rf/grf.rf/gntv_or_sync_fifo.gcx.clkx/rd_pntr_cdc_inst/dest_graysync_ff_reg[0][5]} {i_pcileech_pcie_a7/i_pcileech_pcie_cfg_a7/i_fifo_pcie_cfg_tx/U0/inst_fifo_gen/gconvfifo.rf/grf.rf/gntv_or_sync_fifo.gcx.clkx/rd_pntr_cdc_inst/dest_graysync_ff_reg[0][6]} {i_pcileech_pcie_a7/i_pcileech_pcie_cfg_a7/i_fifo_pcie_cfg_tx/U0/inst_fifo_gen/gconvfifo.rf/grf.rf/gntv_or_sync_fifo.gcx.clkx/rd_pntr_cdc_inst/dest_graysync_ff_reg[0][7]}]]
                                                                              Fast             10.000       0.762      9.238
18  99        [get_cells [list {i_pcileech_pcie_a7/i_pcileech_pcie_cfg_a7/i_fifo_pcie_cfg_tx/U0/inst_fifo_gen/gconvfifo.rf/grf.rf/gntv_or_sync_fifo.gcx.clkx/wr_pntr_cdc_inst/src_gray_ff_reg[0]} {i_pcileech_pcie_a7/i_pcileech_pcie_cfg_a7/i_fifo_pcie_cfg_tx/U0/inst_fifo_gen/gconvfifo.rf/grf.rf/gntv_or_sync_fifo.gcx.clkx/wr_pntr_cdc_inst/src_gray_ff_reg[1]} {i_pcileech_pcie_a7/i_pcileech_pcie_cfg_a7/i_fifo_pcie_cfg_tx/U0/inst_fifo_gen/gconvfifo.rf/grf.rf/gntv_or_sync_fifo.gcx.clkx/wr_pntr_cdc_inst/src_gray_ff_reg[2]} {i_pcileech_pcie_a7/i_pcileech_pcie_cfg_a7/i_fifo_pcie_cfg_tx/U0/inst_fifo_gen/gconvfifo.rf/grf.rf/gntv_or_sync_fifo.gcx.clkx/wr_pntr_cdc_inst/src_gray_ff_reg[3]} {i_pcileech_pcie_a7/i_pcileech_pcie_cfg_a7/i_fifo_pcie_cfg_tx/U0/inst_fifo_gen/gconvfifo.rf/grf.rf/gntv_or_sync_fifo.gcx.clkx/wr_pntr_cdc_inst/src_gray_ff_reg[4]} {i_pcileech_pcie_a7/i_pcileech_pcie_cfg_a7/i_fifo_pcie_cfg_tx/U0/inst_fifo_gen/gconvfifo.rf/grf.rf/gntv_or_sync_fifo.gcx.clkx/wr_pntr_cdc_inst/src_gray_ff_reg[5]} {i_pcileech_pcie_a7/i_pcileech_pcie_cfg_a7/i_fifo_pcie_cfg_tx/U0/inst_fifo_gen/gconvfifo.rf/grf.rf/gntv_or_sync_fifo.gcx.clkx/wr_pntr_cdc_inst/src_gray_ff_reg[6]} {i_pcileech_pcie_a7/i_pcileech_pcie_cfg_a7/i_fifo_pcie_cfg_tx/U0/inst_fifo_gen/gconvfifo.rf/grf.rf/gntv_or_sync_fifo.gcx.clkx/wr_pntr_cdc_inst/src_gray_ff_reg[7]}]]
                                              [get_cells [list {i_pcileech_pcie_a7/i_pcileech_pcie_cfg_a7/i_fifo_pcie_cfg_tx/U0/inst_fifo_gen/gconvfifo.rf/grf.rf/gntv_or_sync_fifo.gcx.clkx/wr_pntr_cdc_inst/dest_graysync_ff_reg[0][0]} {i_pcileech_pcie_a7/i_pcileech_pcie_cfg_a7/i_fifo_pcie_cfg_tx/U0/inst_fifo_gen/gconvfifo.rf/grf.rf/gntv_or_sync_fifo.gcx.clkx/wr_pntr_cdc_inst/dest_graysync_ff_reg[0][1]} {i_pcileech_pcie_a7/i_pcileech_pcie_cfg_a7/i_fifo_pcie_cfg_tx/U0/inst_fifo_gen/gconvfifo.rf/grf.rf/gntv_or_sync_fifo.gcx.clkx/wr_pntr_cdc_inst/dest_graysync_ff_reg[0][2]} {i_pcileech_pcie_a7/i_pcileech_pcie_cfg_a7/i_fifo_pcie_cfg_tx/U0/inst_fifo_gen/gconvfifo.rf/grf.rf/gntv_or_sync_fifo.gcx.clkx/wr_pntr_cdc_inst/dest_graysync_ff_reg[0][3]} {i_pcileech_pcie_a7/i_pcileech_pcie_cfg_a7/i_fifo_pcie_cfg_tx/U0/inst_fifo_gen/gconvfifo.rf/grf.rf/gntv_or_sync_fifo.gcx.clkx/wr_pntr_cdc_inst/dest_graysync_ff_reg[0][4]} {i_pcileech_pcie_a7/i_pcileech_pcie_cfg_a7/i_fifo_pcie_cfg_tx/U0/inst_fifo_gen/gconvfifo.rf/grf.rf/gntv_or_sync_fifo.gcx.clkx/wr_pntr_cdc_inst/dest_graysync_ff_reg[0][5]} {i_pcileech_pcie_a7/i_pcileech_pcie_cfg_a7/i_fifo_pcie_cfg_tx/U0/inst_fifo_gen/gconvfifo.rf/grf.rf/gntv_or_sync_fifo.gcx.clkx/wr_pntr_cdc_inst/dest_graysync_ff_reg[0][6]} {i_pcileech_pcie_a7/i_pcileech_pcie_cfg_a7/i_fifo_pcie_cfg_tx/U0/inst_fifo_gen/gconvfifo.rf/grf.rf/gntv_or_sync_fifo.gcx.clkx/wr_pntr_cdc_inst/dest_graysync_ff_reg[0][7]}]]
                                                                              Slow             10.000       0.604      9.396


2. Bus Skew Report Per Constraint
---------------------------------

Id: 1
set_bus_skew -from [get_cells [list {i_pcileech_pcie_a7/i_pcileech_pcie_tlp_a7/i_pcileech_tlps128_src_fifo/i_fifo_134_134_clk2_rxfifo/U0/inst_fifo_gen/gconvfifo.rf/grf.rf/gntv_or_sync_fifo.gcx.clkx/rd_pntr_cdc_inst/src_gray_ff_reg[0]} {i_pcileech_pcie_a7/i_pcileech_pcie_tlp_a7/i_pcileech_tlps128_src_fifo/i_fifo_134_134_clk2_rxfifo/U0/inst_fifo_gen/gconvfifo.rf/grf.rf/gntv_or_sync_fifo.gcx.clkx/rd_pntr_cdc_inst/src_gray_ff_reg[1]} {i_pcileech_pcie_a7/i_pcileech_pcie_tlp_a7/i_pcileech_tlps128_src_fifo/i_fifo_134_134_clk2_rxfifo/U0/inst_fifo_gen/gconvfifo.rf/grf.rf/gntv_or_sync_fifo.gcx.clkx/rd_pntr_cdc_inst/src_gray_ff_reg[2]} {i_pcileech_pcie_a7/i_pcileech_pcie_tlp_a7/i_pcileech_tlps128_src_fifo/i_fifo_134_134_clk2_rxfifo/U0/inst_fifo_gen/gconvfifo.rf/grf.rf/gntv_or_sync_fifo.gcx.clkx/rd_pntr_cdc_inst/src_gray_ff_reg[3]} {i_pcileech_pcie_a7/i_pcileech_pcie_tlp_a7/i_pcileech_tlps128_src_fifo/i_fifo_134_134_clk2_rxfifo/U0/inst_fifo_gen/gconvfifo.rf/grf.rf/gntv_or_sync_fifo.gcx.clkx/rd_pntr_cdc_inst/src_gray_ff_reg[4]} {i_pcileech_pcie_a7/i_pcileech_pcie_tlp_a7/i_pcileech_tlps128_src_fifo/i_fifo_134_134_clk2_rxfifo/U0/inst_fifo_gen/gconvfifo.rf/grf.rf/gntv_or_sync_fifo.gcx.clkx/rd_pntr_cdc_inst/src_gray_ff_reg[5]} {i_pcileech_pcie_a7/i_pcileech_pcie_tlp_a7/i_pcileech_tlps128_src_fifo/i_fifo_134_134_clk2_rxfifo/U0/inst_fifo_gen/gconvfifo.rf/grf.rf/gntv_or_sync_fifo.gcx.clkx/rd_pntr_cdc_inst/src_gray_ff_reg[6]} {i_pcileech_pcie_a7/i_pcileech_pcie_tlp_a7/i_pcileech_tlps128_src_fifo/i_fifo_134_134_clk2_rxfifo/U0/inst_fifo_gen/gconvfifo.rf/grf.rf/gntv_or_sync_fifo.gcx.clkx/rd_pntr_cdc_inst/src_gray_ff_reg[7]} {i_pcileech_pcie_a7/i_pcileech_pcie_tlp_a7/i_pcileech_tlps128_src_fifo/i_fifo_134_134_clk2_rxfifo/U0/inst_fifo_gen/gconvfifo.rf/grf.rf/gntv_or_sync_fifo.gcx.clkx/rd_pntr_cdc_inst/src_gray_ff_reg[8]} {i_pcileech_pcie_a7/i_pcileech_pcie_tlp_a7/i_pcileech_tlps128_src_fifo/i_fifo_134_134_clk2_rxfifo/U0/inst_fifo_gen/gconvfifo.rf/grf.rf/gntv_or_sync_fifo.gcx.clkx/rd_pntr_cdc_inst/src_gray_ff_reg[9]}]] -to [get_cells [list {i_pcileech_pcie_a7/i_pcileech_pcie_tlp_a7/i_pcileech_tlps128_src_fifo/i_fifo_134_134_clk2_rxfifo/U0/inst_fifo_gen/gconvfifo.rf/grf.rf/gntv_or_sync_fifo.gcx.clkx/rd_pntr_cdc_inst/dest_graysync_ff_reg[0][0]} {i_pcileech_pcie_a7/i_pcileech_pcie_tlp_a7/i_pcileech_tlps128_src_fifo/i_fifo_134_134_clk2_rxfifo/U0/inst_fifo_gen/gconvfifo.rf/grf.rf/gntv_or_sync_fifo.gcx.clkx/rd_pntr_cdc_inst/dest_graysync_ff_reg[0][1]} {i_pcileech_pcie_a7/i_pcileech_pcie_tlp_a7/i_pcileech_tlps128_src_fifo/i_fifo_134_134_clk2_rxfifo/U0/inst_fifo_gen/gconvfifo.rf/grf.rf/gntv_or_sync_fifo.gcx.clkx/rd_pntr_cdc_inst/dest_graysync_ff_reg[0][2]} {i_pcileech_pcie_a7/i_pcileech_pcie_tlp_a7/i_pcileech_tlps128_src_fifo/i_fifo_134_134_clk2_rxfifo/U0/inst_fifo_gen/gconvfifo.rf/grf.rf/gntv_or_sync_fifo.gcx.clkx/rd_pntr_cdc_inst/dest_graysync_ff_reg[0][3]} {i_pcileech_pcie_a7/i_pcileech_pcie_tlp_a7/i_pcileech_tlps128_src_fifo/i_fifo_134_134_clk2_rxfifo/U0/inst_fifo_gen/gconvfifo.rf/grf.rf/gntv_or_sync_fifo.gcx.clkx/rd_pntr_cdc_inst/dest_graysync_ff_reg[0][4]} {i_pcileech_pcie_a7/i_pcileech_pcie_tlp_a7/i_pcileech_tlps128_src_fifo/i_fifo_134_134_clk2_rxfifo/U0/inst_fifo_gen/gconvfifo.rf/grf.rf/gntv_or_sync_fifo.gcx.clkx/rd_pntr_cdc_inst/dest_graysync_ff_reg[0][5]} {i_pcileech_pcie_a7/i_pcileech_pcie_tlp_a7/i_pcileech_tlps128_src_fifo/i_fifo_134_134_clk2_rxfifo/U0/inst_fifo_gen/gconvfifo.rf/grf.rf/gntv_or_sync_fifo.gcx.clkx/rd_pntr_cdc_inst/dest_graysync_ff_reg[0][6]} {i_pcileech_pcie_a7/i_pcileech_pcie_tlp_a7/i_pcileech_tlps128_src_fifo/i_fifo_134_134_clk2_rxfifo/U0/inst_fifo_gen/gconvfifo.rf/grf.rf/gntv_or_sync_fifo.gcx.clkx/rd_pntr_cdc_inst/dest_graysync_ff_reg[0][7]} {i_pcileech_pcie_a7/i_pcileech_pcie_tlp_a7/i_pcileech_tlps128_src_fifo/i_fifo_134_134_clk2_rxfifo/U0/inst_fifo_gen/gconvfifo.rf/grf.rf/gntv_or_sync_fifo.gcx.clkx/rd_pntr_cdc_inst/dest_graysync_ff_reg[0][8]} {i_pcileech_pcie_a7/i_pcileech_pcie_tlp_a7/i_pcileech_tlps128_src_fifo/i_fifo_134_134_clk2_rxfifo/U0/inst_fifo_gen/gconvfifo.rf/grf.rf/gntv_or_sync_fifo.gcx.clkx/rd_pntr_cdc_inst/dest_graysync_ff_reg[0][9]}]] 10.000
Requirement: 10.000ns
Endpoints: 10

From Clock            To Clock              Endpoint Pin                    Reference Pin                   Corner  Actual(ns)  Slack(ns)
--------------------  --------------------  ------------------------------  ------------------------------  ------  ----------  ---------
userclk1              net_clk               i_pcileech_pcie_a7/i_pcileech_pcie_tlp_a7/i_pcileech_tlps128_src_fifo/i_fifo_134_134_clk2_rxfifo/U0/inst_fifo_gen/gconvfifo.rf/grf.rf/gntv_or_sync_fifo.gcx.clkx/rd_pntr_cdc_inst/dest_graysync_ff_reg[0][7]/D
                                                                            i_pcileech_pcie_a7/i_pcileech_pcie_tlp_a7/i_pcileech_tlps128_src_fifo/i_fifo_134_134_clk2_rxfifo/U0/inst_fifo_gen/gconvfifo.rf/grf.rf/gntv_or_sync_fifo.gcx.clkx/rd_pntr_cdc_inst/dest_graysync_ff_reg[0][1]/D
                                                                                                            Slow         0.718      9.282


Slack (MET) :             9.282ns  (requirement - actual skew)
  Endpoint Source:        <hidden>
                            (rising edge-triggered cell FDRE clocked by userclk1)
  Endpoint Destination:   <hidden>
                            (rising edge-triggered cell FDRE clocked by net_clk)
  Reference Source:       <hidden>
                            (rising edge-triggered cell FDRE clocked by userclk1)
  Reference Destination:  <hidden>
                            (rising edge-triggered cell FDRE clocked by net_clk)
  Path Type:              Bus Skew (Max at Slow Process Corner)
  Requirement:            10.000ns
  Endpoint Relative Delay:    2.543ns
  Reference Relative Delay:   1.276ns
  Relative CRPR:              0.549ns
  Actual Bus Skew:            0.718ns  (Endpoint Relative Delay - Reference Relative Delay - Relative CRPR)

Endpoint path:
    Location             Delay type                Incr(ns)  Path(ns)    Netlist Resource(s)
  -------------------------------------------------------------------    -------------------
                         (clock userclk1 rise edge)
                                                      0.000     0.000 r  
    GTPE2_CHANNEL_X0Y7   GTPE2_CHANNEL                0.000     0.000 r  i_pcileech_pcie_a7/i_pcie_7x_0/inst/inst/gt_top_i/pipe_wrapper_i/pipe_lane[0].gt_wrapper_i/gtp_channel.gtpe2_channel_i/TXOUTCLK
                         net (fo=1, routed)           1.257     1.257    i_pcileech_pcie_a7/i_pcie_7x_0/inst/inst/gt_top_i/pipe_wrapper_i/pipe_clock_int.pipe_clock_i/txoutclk_i.txoutclk_i_0
    BUFGCTRL_X0Y19       BUFG (Prop_bufg_I_O)         0.081     1.338 r  i_pcileech_pcie_a7/i_pcie_7x_0/inst/inst/gt_top_i/pipe_wrapper_i/pipe_clock_int.pipe_clock_i/txoutclk_i.txoutclk_i/O
                         net (fo=1, routed)           1.408     2.745    i_pcileech_pcie_a7/i_pcie_7x_0/inst/inst/gt_top_i/pipe_wrapper_i/pipe_clock_int.pipe_clock_i/refclk
    MMCME2_ADV_X0Y1      MMCME2_ADV (Prop_mmcme2_adv_CLKIN1_CLKOUT2)
                                                      0.077     2.822 r  i_pcileech_pcie_a7/i_pcie_7x_0/inst/inst/gt_top_i/pipe_wrapper_i/pipe_clock_int.pipe_clock_i/mmcm_i/CLKOUT2
                         net (fo=1, routed)           1.441     4.263    i_pcileech_pcie_a7/i_pcie_7x_0/inst/inst/gt_top_i/pipe_wrapper_i/pipe_clock_int.pipe_clock_i/userclk1
    BUFGCTRL_X0Y0        BUFG (Prop_bufg_I_O)         0.081     4.344 r  i_pcileech_pcie_a7/i_pcie_7x_0/inst/inst/gt_top_i/pipe_wrapper_i/pipe_clock_int.pipe_clock_i/userclk1_i1.usrclk1_i1/O
                         net (fo=3883, routed)        1.536     5.880    <hidden>
    SLICE_X27Y152        FDRE                                         r  <hidden>
  -------------------------------------------------------------------    -------------------
    SLICE_X27Y152        FDRE (Prop_fdre_C_Q)         0.348     6.228 r  <hidden>
                         net (fo=1, routed)           0.568     6.797    <hidden>
    SLICE_X26Y152        FDRE                                         r  <hidden>
  -------------------------------------------------------------------    -------------------

                         (clock net_clk rise edge)    0.000     0.000 r  
    J19                                               0.000     0.000 r  clk (IN)
                         net (fo=0)                   0.000     0.000    clk
    J19                  IBUF (Prop_ibuf_I_O)         1.350     1.350 r  clk_IBUF_inst/O
                         net (fo=1, routed)           1.620     2.970    clk_IBUF
    BUFGCTRL_X0Y16       BUFG (Prop_bufg_I_O)         0.077     3.047 r  clk_IBUF_BUFG_inst/O
                         net (fo=3727, routed)        1.415     4.462    <hidden>
    SLICE_X26Y152        FDRE                                         r  <hidden>
                         clock pessimism              0.000     4.462    
    SLICE_X26Y152        FDRE (Setup_fdre_C_D)       -0.208     4.254    <hidden>
  -------------------------------------------------------------------
                         data arrival                           6.797    
                         clock arrival                          4.254    
  -------------------------------------------------------------------
                         relative delay                         2.543    

Reference path:
    Location             Delay type                Incr(ns)  Path(ns)    Netlist Resource(s)
  -------------------------------------------------------------------    -------------------
                         (clock userclk1 rise edge)
                                                      0.000     0.000 r  
    GTPE2_CHANNEL_X0Y7   GTPE2_CHANNEL                0.000     0.000 r  i_pcileech_pcie_a7/i_pcie_7x_0/inst/inst/gt_top_i/pipe_wrapper_i/pipe_lane[0].gt_wrapper_i/gtp_channel.gtpe2_channel_i/TXOUTCLK
                         net (fo=1, routed)           1.199     1.199    i_pcileech_pcie_a7/i_pcie_7x_0/inst/inst/gt_top_i/pipe_wrapper_i/pipe_clock_int.pipe_clock_i/txoutclk_i.txoutclk_i_0
    BUFGCTRL_X0Y19       BUFG (Prop_bufg_I_O)         0.077     1.276 r  i_pcileech_pcie_a7/i_pcie_7x_0/inst/inst/gt_top_i/pipe_wrapper_i/pipe_clock_int.pipe_clock_i/txoutclk_i.txoutclk_i/O
                         net (fo=1, routed)           1.302     2.578    i_pcileech_pcie_a7/i_pcie_7x_0/inst/inst/gt_top_i/pipe_wrapper_i/pipe_clock_int.pipe_clock_i/refclk
    MMCME2_ADV_X0Y1      MMCME2_ADV (Prop_mmcme2_adv_CLKIN1_CLKOUT2)
                                                      0.073     2.651 r  i_pcileech_pcie_a7/i_pcie_7x_0/inst/inst/gt_top_i/pipe_wrapper_i/pipe_clock_int.pipe_clock_i/mmcm_i/CLKOUT2
                         net (fo=1, routed)           1.374     4.024    i_pcileech_pcie_a7/i_pcie_7x_0/inst/inst/gt_top_i/pipe_wrapper_i/pipe_clock_int.pipe_clock_i/userclk1
    BUFGCTRL_X0Y0        BUFG (Prop_bufg_I_O)         0.077     4.102 r  i_pcileech_pcie_a7/i_pcie_7x_0/inst/inst/gt_top_i/pipe_wrapper_i/pipe_clock_int.pipe_clock_i/userclk1_i1.usrclk1_i1/O
                         net (fo=3883, routed)        1.413     5.514    <hidden>
    SLICE_X30Y153        FDRE                                         r  <hidden>
  -------------------------------------------------------------------    -------------------
    SLICE_X30Y153        FDRE (Prop_fdre_C_Q)         0.319     5.833 r  <hidden>
                         net (fo=1, routed)           0.214     6.048    <hidden>
    SLICE_X28Y153        FDRE                                         r  <hidden>
  -------------------------------------------------------------------    -------------------

                         (clock net_clk rise edge)    0.000     0.000 r  
    J19                                               0.000     0.000 r  clk (IN)
                         net (fo=0)                   0.000     0.000    clk
    J19                  IBUF (Prop_ibuf_I_O)         1.416     1.416 r  clk_IBUF_inst/O
                         net (fo=1, routed)           1.709     3.124    clk_IBUF
    BUFGCTRL_X0Y16       BUFG (Prop_bufg_I_O)         0.081     3.205 r  clk_IBUF_BUFG_inst/O
                         net (fo=3727, routed)        1.532     4.738    <hidden>
    SLICE_X28Y153        FDRE                                         r  <hidden>
                         clock pessimism              0.000     4.738    
    SLICE_X28Y153        FDRE (Hold_fdre_C_D)         0.034     4.772    <hidden>
  -------------------------------------------------------------------
                         data arrival                           6.048    
                         clock arrival                          4.772    
  -------------------------------------------------------------------
                         relative delay                         1.276    



Id: 2
set_bus_skew -from [get_cells [list {i_pcileech_pcie_a7/i_pcileech_pcie_tlp_a7/i_pcileech_tlps128_src_fifo/i_fifo_134_134_clk2_rxfifo/U0/inst_fifo_gen/gconvfifo.rf/grf.rf/gntv_or_sync_fifo.gcx.clkx/wr_pntr_cdc_inst/src_gray_ff_reg[0]} {i_pcileech_pcie_a7/i_pcileech_pcie_tlp_a7/i_pcileech_tlps128_src_fifo/i_fifo_134_134_clk2_rxfifo/U0/inst_fifo_gen/gconvfifo.rf/grf.rf/gntv_or_sync_fifo.gcx.clkx/wr_pntr_cdc_inst/src_gray_ff_reg[1]} {i_pcileech_pcie_a7/i_pcileech_pcie_tlp_a7/i_pcileech_tlps128_src_fifo/i_fifo_134_134_clk2_rxfifo/U0/inst_fifo_gen/gconvfifo.rf/grf.rf/gntv_or_sync_fifo.gcx.clkx/wr_pntr_cdc_inst/src_gray_ff_reg[2]} {i_pcileech_pcie_a7/i_pcileech_pcie_tlp_a7/i_pcileech_tlps128_src_fifo/i_fifo_134_134_clk2_rxfifo/U0/inst_fifo_gen/gconvfifo.rf/grf.rf/gntv_or_sync_fifo.gcx.clkx/wr_pntr_cdc_inst/src_gray_ff_reg[3]} {i_pcileech_pcie_a7/i_pcileech_pcie_tlp_a7/i_pcileech_tlps128_src_fifo/i_fifo_134_134_clk2_rxfifo/U0/inst_fifo_gen/gconvfifo.rf/grf.rf/gntv_or_sync_fifo.gcx.clkx/wr_pntr_cdc_inst/src_gray_ff_reg[4]} {i_pcileech_pcie_a7/i_pcileech_pcie_tlp_a7/i_pcileech_tlps128_src_fifo/i_fifo_134_134_clk2_rxfifo/U0/inst_fifo_gen/gconvfifo.rf/grf.rf/gntv_or_sync_fifo.gcx.clkx/wr_pntr_cdc_inst/src_gray_ff_reg[5]} {i_pcileech_pcie_a7/i_pcileech_pcie_tlp_a7/i_pcileech_tlps128_src_fifo/i_fifo_134_134_clk2_rxfifo/U0/inst_fifo_gen/gconvfifo.rf/grf.rf/gntv_or_sync_fifo.gcx.clkx/wr_pntr_cdc_inst/src_gray_ff_reg[6]} {i_pcileech_pcie_a7/i_pcileech_pcie_tlp_a7/i_pcileech_tlps128_src_fifo/i_fifo_134_134_clk2_rxfifo/U0/inst_fifo_gen/gconvfifo.rf/grf.rf/gntv_or_sync_fifo.gcx.clkx/wr_pntr_cdc_inst/src_gray_ff_reg[7]} {i_pcileech_pcie_a7/i_pcileech_pcie_tlp_a7/i_pcileech_tlps128_src_fifo/i_fifo_134_134_clk2_rxfifo/U0/inst_fifo_gen/gconvfifo.rf/grf.rf/gntv_or_sync_fifo.gcx.clkx/wr_pntr_cdc_inst/src_gray_ff_reg[8]} {i_pcileech_pcie_a7/i_pcileech_pcie_tlp_a7/i_pcileech_tlps128_src_fifo/i_fifo_134_134_clk2_rxfifo/U0/inst_fifo_gen/gconvfifo.rf/grf.rf/gntv_or_sync_fifo.gcx.clkx/wr_pntr_cdc_inst/src_gray_ff_reg[9]}]] -to [get_cells [list {i_pcileech_pcie_a7/i_pcileech_pcie_tlp_a7/i_pcileech_tlps128_src_fifo/i_fifo_134_134_clk2_rxfifo/U0/inst_fifo_gen/gconvfifo.rf/grf.rf/gntv_or_sync_fifo.gcx.clkx/wr_pntr_cdc_inst/dest_graysync_ff_reg[0][0]} {i_pcileech_pcie_a7/i_pcileech_pcie_tlp_a7/i_pcileech_tlps128_src_fifo/i_fifo_134_134_clk2_rxfifo/U0/inst_fifo_gen/gconvfifo.rf/grf.rf/gntv_or_sync_fifo.gcx.clkx/wr_pntr_cdc_inst/dest_graysync_ff_reg[0][1]} {i_pcileech_pcie_a7/i_pcileech_pcie_tlp_a7/i_pcileech_tlps128_src_fifo/i_fifo_134_134_clk2_rxfifo/U0/inst_fifo_gen/gconvfifo.rf/grf.rf/gntv_or_sync_fifo.gcx.clkx/wr_pntr_cdc_inst/dest_graysync_ff_reg[0][2]} {i_pcileech_pcie_a7/i_pcileech_pcie_tlp_a7/i_pcileech_tlps128_src_fifo/i_fifo_134_134_clk2_rxfifo/U0/inst_fifo_gen/gconvfifo.rf/grf.rf/gntv_or_sync_fifo.gcx.clkx/wr_pntr_cdc_inst/dest_graysync_ff_reg[0][3]} {i_pcileech_pcie_a7/i_pcileech_pcie_tlp_a7/i_pcileech_tlps128_src_fifo/i_fifo_134_134_clk2_rxfifo/U0/inst_fifo_gen/gconvfifo.rf/grf.rf/gntv_or_sync_fifo.gcx.clkx/wr_pntr_cdc_inst/dest_graysync_ff_reg[0][4]} {i_pcileech_pcie_a7/i_pcileech_pcie_tlp_a7/i_pcileech_tlps128_src_fifo/i_fifo_134_134_clk2_rxfifo/U0/inst_fifo_gen/gconvfifo.rf/grf.rf/gntv_or_sync_fifo.gcx.clkx/wr_pntr_cdc_inst/dest_graysync_ff_reg[0][5]} {i_pcileech_pcie_a7/i_pcileech_pcie_tlp_a7/i_pcileech_tlps128_src_fifo/i_fifo_134_134_clk2_rxfifo/U0/inst_fifo_gen/gconvfifo.rf/grf.rf/gntv_or_sync_fifo.gcx.clkx/wr_pntr_cdc_inst/dest_graysync_ff_reg[0][6]} {i_pcileech_pcie_a7/i_pcileech_pcie_tlp_a7/i_pcileech_tlps128_src_fifo/i_fifo_134_134_clk2_rxfifo/U0/inst_fifo_gen/gconvfifo.rf/grf.rf/gntv_or_sync_fifo.gcx.clkx/wr_pntr_cdc_inst/dest_graysync_ff_reg[0][7]} {i_pcileech_pcie_a7/i_pcileech_pcie_tlp_a7/i_pcileech_tlps128_src_fifo/i_fifo_134_134_clk2_rxfifo/U0/inst_fifo_gen/gconvfifo.rf/grf.rf/gntv_or_sync_fifo.gcx.clkx/wr_pntr_cdc_inst/dest_graysync_ff_reg[0][8]} {i_pcileech_pcie_a7/i_pcileech_pcie_tlp_a7/i_pcileech_tlps128_src_fifo/i_fifo_134_134_clk2_rxfifo/U0/inst_fifo_gen/gconvfifo.rf/grf.rf/gntv_or_sync_fifo.gcx.clkx/wr_pntr_cdc_inst/dest_graysync_ff_reg[0][9]}]] 10.000
Requirement: 10.000ns
Endpoints: 10

From Clock            To Clock              Endpoint Pin                    Reference Pin                   Corner  Actual(ns)  Slack(ns)
--------------------  --------------------  ------------------------------  ------------------------------  ------  ----------  ---------
net_clk               userclk1              i_pcileech_pcie_a7/i_pcileech_pcie_tlp_a7/i_pcileech_tlps128_src_fifo/i_fifo_134_134_clk2_rxfifo/U0/inst_fifo_gen/gconvfifo.rf/grf.rf/gntv_or_sync_fifo.gcx.clkx/wr_pntr_cdc_inst/dest_graysync_ff_reg[0][5]/D
                                                                            i_pcileech_pcie_a7/i_pcileech_pcie_tlp_a7/i_pcileech_tlps128_src_fifo/i_fifo_134_134_clk2_rxfifo/U0/inst_fifo_gen/gconvfifo.rf/grf.rf/gntv_or_sync_fifo.gcx.clkx/wr_pntr_cdc_inst/dest_graysync_ff_reg[0][2]/D
                                                                                                            Slow         0.765      9.235


Slack (MET) :             9.235ns  (requirement - actual skew)
  Endpoint Source:        <hidden>
                            (rising edge-triggered cell FDRE clocked by net_clk)
  Endpoint Destination:   <hidden>
                            (rising edge-triggered cell FDRE clocked by userclk1)
  Reference Source:       <hidden>
                            (rising edge-triggered cell FDRE clocked by net_clk)
  Reference Destination:  <hidden>
                            (rising edge-triggered cell FDRE clocked by userclk1)
  Path Type:              Bus Skew (Max at Slow Process Corner)
  Requirement:            10.000ns
  Endpoint Relative Delay:    0.283ns
  Reference Relative Delay:  -1.047ns
  Relative CRPR:              0.566ns
  Actual Bus Skew:            0.765ns  (Endpoint Relative Delay - Reference Relative Delay - Relative CRPR)

Endpoint path:
    Location             Delay type                Incr(ns)  Path(ns)    Netlist Resource(s)
  -------------------------------------------------------------------    -------------------
                         (clock net_clk rise edge)    0.000     0.000 r  
    J19                                               0.000     0.000 r  clk (IN)
                         net (fo=0)                   0.000     0.000    clk
    J19                  IBUF (Prop_ibuf_I_O)         1.416     1.416 r  clk_IBUF_inst/O
                         net (fo=1, routed)           1.709     3.124    clk_IBUF
    BUFGCTRL_X0Y16       BUFG (Prop_bufg_I_O)         0.081     3.205 r  clk_IBUF_BUFG_inst/O
                         net (fo=3727, routed)        1.532     4.738    <hidden>
    SLICE_X23Y158        FDRE                                         r  <hidden>
  -------------------------------------------------------------------    -------------------
    SLICE_X23Y158        FDRE (Prop_fdre_C_Q)         0.348     5.086 r  <hidden>
                         net (fo=1, routed)           0.500     5.586    <hidden>
    SLICE_X28Y158        FDRE                                         r  <hidden>
  -------------------------------------------------------------------    -------------------

                         (clock userclk1 rise edge)
                                                      0.000     0.000 r  
    GTPE2_CHANNEL_X0Y7   GTPE2_CHANNEL                0.000     0.000 r  i_pcileech_pcie_a7/i_pcie_7x_0/inst/inst/gt_top_i/pipe_wrapper_i/pipe_lane[0].gt_wrapper_i/gtp_channel.gtpe2_channel_i/TXOUTCLK
                         net (fo=1, routed)           1.199     1.199    i_pcileech_pcie_a7/i_pcie_7x_0/inst/inst/gt_top_i/pipe_wrapper_i/pipe_clock_int.pipe_clock_i/txoutclk_i.txoutclk_i_0
    BUFGCTRL_X0Y19       BUFG (Prop_bufg_I_O)         0.077     1.276 r  i_pcileech_pcie_a7/i_pcie_7x_0/inst/inst/gt_top_i/pipe_wrapper_i/pipe_clock_int.pipe_clock_i/txoutclk_i.txoutclk_i/O
                         net (fo=1, routed)           1.302     2.578    i_pcileech_pcie_a7/i_pcie_7x_0/inst/inst/gt_top_i/pipe_wrapper_i/pipe_clock_int.pipe_clock_i/refclk
    MMCME2_ADV_X0Y1      MMCME2_ADV (Prop_mmcme2_adv_CLKIN1_CLKOUT2)
                                                      0.073     2.651 r  i_pcileech_pcie_a7/i_pcie_7x_0/inst/inst/gt_top_i/pipe_wrapper_i/pipe_clock_int.pipe_clock_i/mmcm_i/CLKOUT2
                         net (fo=1, routed)           1.374     4.024    i_pcileech_pcie_a7/i_pcie_7x_0/inst/inst/gt_top_i/pipe_wrapper_i/pipe_clock_int.pipe_clock_i/userclk1
    BUFGCTRL_X0Y0        BUFG (Prop_bufg_I_O)         0.077     4.102 r  i_pcileech_pcie_a7/i_pcie_7x_0/inst/inst/gt_top_i/pipe_wrapper_i/pipe_clock_int.pipe_clock_i/userclk1_i1.usrclk1_i1/O
                         net (fo=3883, routed)        1.413     5.514    <hidden>
    SLICE_X28Y158        FDRE                                         r  <hidden>
                         clock pessimism              0.000     5.514    
    SLICE_X28Y158        FDRE (Setup_fdre_C_D)       -0.212     5.302    <hidden>
  -------------------------------------------------------------------
                         data arrival                           5.586    
                         clock arrival                          5.302    
  -------------------------------------------------------------------
                         relative delay                         0.283    

Reference path:
    Location             Delay type                Incr(ns)  Path(ns)    Netlist Resource(s)
  -------------------------------------------------------------------    -------------------
                         (clock net_clk rise edge)    0.000     0.000 r  
    J19                                               0.000     0.000 r  clk (IN)
                         net (fo=0)                   0.000     0.000    clk
    J19                  IBUF (Prop_ibuf_I_O)         1.350     1.350 r  clk_IBUF_inst/O
                         net (fo=1, routed)           1.620     2.970    clk_IBUF
    BUFGCTRL_X0Y16       BUFG (Prop_bufg_I_O)         0.077     3.047 r  clk_IBUF_BUFG_inst/O
                         net (fo=3727, routed)        1.416     4.463    <hidden>
    SLICE_X20Y155        FDRE                                         r  <hidden>
  -------------------------------------------------------------------    -------------------
    SLICE_X20Y155        FDRE (Prop_fdre_C_Q)         0.304     4.767 r  <hidden>
                         net (fo=1, routed)           0.204     4.971    <hidden>
    SLICE_X24Y155        FDRE                                         r  <hidden>
  -------------------------------------------------------------------    -------------------

                         (clock userclk1 rise edge)
                                                      0.000     0.000 r  
    GTPE2_CHANNEL_X0Y7   GTPE2_CHANNEL                0.000     0.000 r  i_pcileech_pcie_a7/i_pcie_7x_0/inst/inst/gt_top_i/pipe_wrapper_i/pipe_lane[0].gt_wrapper_i/gtp_channel.gtpe2_channel_i/TXOUTCLK
                         net (fo=1, routed)           1.257     1.257    i_pcileech_pcie_a7/i_pcie_7x_0/inst/inst/gt_top_i/pipe_wrapper_i/pipe_clock_int.pipe_clock_i/txoutclk_i.txoutclk_i_0
    BUFGCTRL_X0Y19       BUFG (Prop_bufg_I_O)         0.081     1.338 r  i_pcileech_pcie_a7/i_pcie_7x_0/inst/inst/gt_top_i/pipe_wrapper_i/pipe_clock_int.pipe_clock_i/txoutclk_i.txoutclk_i/O
                         net (fo=1, routed)           1.408     2.745    i_pcileech_pcie_a7/i_pcie_7x_0/inst/inst/gt_top_i/pipe_wrapper_i/pipe_clock_int.pipe_clock_i/refclk
    MMCME2_ADV_X0Y1      MMCME2_ADV (Prop_mmcme2_adv_CLKIN1_CLKOUT2)
                                                      0.077     2.822 r  i_pcileech_pcie_a7/i_pcie_7x_0/inst/inst/gt_top_i/pipe_wrapper_i/pipe_clock_int.pipe_clock_i/mmcm_i/CLKOUT2
                         net (fo=1, routed)           1.441     4.263    i_pcileech_pcie_a7/i_pcie_7x_0/inst/inst/gt_top_i/pipe_wrapper_i/pipe_clock_int.pipe_clock_i/userclk1
    BUFGCTRL_X0Y0        BUFG (Prop_bufg_I_O)         0.081     4.344 r  i_pcileech_pcie_a7/i_pcie_7x_0/inst/inst/gt_top_i/pipe_wrapper_i/pipe_clock_int.pipe_clock_i/userclk1_i1.usrclk1_i1/O
                         net (fo=3883, routed)        1.536     5.880    <hidden>
    SLICE_X24Y155        FDRE                                         r  <hidden>
                         clock pessimism              0.000     5.880    
    SLICE_X24Y155        FDRE (Hold_fdre_C_D)         0.138     6.018    <hidden>
  -------------------------------------------------------------------
                         data arrival                           4.971    
                         clock arrival                          6.018    
  -------------------------------------------------------------------
                         relative delay                        -1.047    



Id: 3
set_bus_skew -from [get_cells [list {i_pcileech_pcie_a7/i_pcileech_pcie_tlp_a7/i_pcileech_tlps128_dst_fifo/i_fifo_134_134_clk2/U0/inst_fifo_gen/gconvfifo.rf/grf.rf/gntv_or_sync_fifo.gcx.clkx/rd_pntr_cdc_inst/src_gray_ff_reg[0]} \
          {i_pcileech_pcie_a7/i_pcileech_pcie_tlp_a7/i_pcileech_tlps128_dst_fifo/i_fifo_134_134_clk2/U0/inst_fifo_gen/gconvfifo.rf/grf.rf/gntv_or_sync_fifo.gcx.clkx/rd_pntr_cdc_inst/src_gray_ff_reg[10]} \
          {i_pcileech_pcie_a7/i_pcileech_pcie_tlp_a7/i_pcileech_tlps128_dst_fifo/i_fifo_134_134_clk2/U0/inst_fifo_gen/gconvfifo.rf/grf.rf/gntv_or_sync_fifo.gcx.clkx/rd_pntr_cdc_inst/src_gray_ff_reg[1]} \
          {i_pcileech_pcie_a7/i_pcileech_pcie_tlp_a7/i_pcileech_tlps128_dst_fifo/i_fifo_134_134_clk2/U0/inst_fifo_gen/gconvfifo.rf/grf.rf/gntv_or_sync_fifo.gcx.clkx/rd_pntr_cdc_inst/src_gray_ff_reg[2]} \
          {i_pcileech_pcie_a7/i_pcileech_pcie_tlp_a7/i_pcileech_tlps128_dst_fifo/i_fifo_134_134_clk2/U0/inst_fifo_gen/gconvfifo.rf/grf.rf/gntv_or_sync_fifo.gcx.clkx/rd_pntr_cdc_inst/src_gray_ff_reg[3]} \
          {i_pcileech_pcie_a7/i_pcileech_pcie_tlp_a7/i_pcileech_tlps128_dst_fifo/i_fifo_134_134_clk2/U0/inst_fifo_gen/gconvfifo.rf/grf.rf/gntv_or_sync_fifo.gcx.clkx/rd_pntr_cdc_inst/src_gray_ff_reg[4]} \
          {i_pcileech_pcie_a7/i_pcileech_pcie_tlp_a7/i_pcileech_tlps128_dst_fifo/i_fifo_134_134_clk2/U0/inst_fifo_gen/gconvfifo.rf/grf.rf/gntv_or_sync_fifo.gcx.clkx/rd_pntr_cdc_inst/src_gray_ff_reg[5]} \
          {i_pcileech_pcie_a7/i_pcileech_pcie_tlp_a7/i_pcileech_tlps128_dst_fifo/i_fifo_134_134_clk2/U0/inst_fifo_gen/gconvfifo.rf/grf.rf/gntv_or_sync_fifo.gcx.clkx/rd_pntr_cdc_inst/src_gray_ff_reg[6]} \
          {i_pcileech_pcie_a7/i_pcileech_pcie_tlp_a7/i_pcileech_tlps128_dst_fifo/i_fifo_134_134_clk2/U0/inst_fifo_gen/gconvfifo.rf/grf.rf/gntv_or_sync_fifo.gcx.clkx/rd_pntr_cdc_inst/src_gray_ff_reg[7]} \
          {i_pcileech_pcie_a7/i_pcileech_pcie_tlp_a7/i_pcileech_tlps128_dst_fifo/i_fifo_134_134_clk2/U0/inst_fifo_gen/gconvfifo.rf/grf.rf/gntv_or_sync_fifo.gcx.clkx/rd_pntr_cdc_inst/src_gray_ff_reg[8]} \
          {i_pcileech_pcie_a7/i_pcileech_pcie_tlp_a7/i_pcileech_tlps128_dst_fifo/i_fifo_134_134_clk2/U0/inst_fifo_gen/gconvfifo.rf/grf.rf/gntv_or_sync_fifo.gcx.clkx/rd_pntr_cdc_inst/src_gray_ff_reg[9]}]] -to [get_cells [list {i_pcileech_pcie_a7/i_pcileech_pcie_tlp_a7/i_pcileech_tlps128_dst_fifo/i_fifo_134_134_clk2/U0/inst_fifo_gen/gconvfifo.rf/grf.rf/gntv_or_sync_fifo.gcx.clkx/rd_pntr_cdc_inst/dest_graysync_ff_reg[0][0]} \
          {i_pcileech_pcie_a7/i_pcileech_pcie_tlp_a7/i_pcileech_tlps128_dst_fifo/i_fifo_134_134_clk2/U0/inst_fifo_gen/gconvfifo.rf/grf.rf/gntv_or_sync_fifo.gcx.clkx/rd_pntr_cdc_inst/dest_graysync_ff_reg[0][10]} \
          {i_pcileech_pcie_a7/i_pcileech_pcie_tlp_a7/i_pcileech_tlps128_dst_fifo/i_fifo_134_134_clk2/U0/inst_fifo_gen/gconvfifo.rf/grf.rf/gntv_or_sync_fifo.gcx.clkx/rd_pntr_cdc_inst/dest_graysync_ff_reg[0][1]} \
          {i_pcileech_pcie_a7/i_pcileech_pcie_tlp_a7/i_pcileech_tlps128_dst_fifo/i_fifo_134_134_clk2/U0/inst_fifo_gen/gconvfifo.rf/grf.rf/gntv_or_sync_fifo.gcx.clkx/rd_pntr_cdc_inst/dest_graysync_ff_reg[0][2]} \
          {i_pcileech_pcie_a7/i_pcileech_pcie_tlp_a7/i_pcileech_tlps128_dst_fifo/i_fifo_134_134_clk2/U0/inst_fifo_gen/gconvfifo.rf/grf.rf/gntv_or_sync_fifo.gcx.clkx/rd_pntr_cdc_inst/dest_graysync_ff_reg[0][3]} \
          {i_pcileech_pcie_a7/i_pcileech_pcie_tlp_a7/i_pcileech_tlps128_dst_fifo/i_fifo_134_134_clk2/U0/inst_fifo_gen/gconvfifo.rf/grf.rf/gntv_or_sync_fifo.gcx.clkx/rd_pntr_cdc_inst/dest_graysync_ff_reg[0][4]} \
          {i_pcileech_pcie_a7/i_pcileech_pcie_tlp_a7/i_pcileech_tlps128_dst_fifo/i_fifo_134_134_clk2/U0/inst_fifo_gen/gconvfifo.rf/grf.rf/gntv_or_sync_fifo.gcx.clkx/rd_pntr_cdc_inst/dest_graysync_ff_reg[0][5]} \
          {i_pcileech_pcie_a7/i_pcileech_pcie_tlp_a7/i_pcileech_tlps128_dst_fifo/i_fifo_134_134_clk2/U0/inst_fifo_gen/gconvfifo.rf/grf.rf/gntv_or_sync_fifo.gcx.clkx/rd_pntr_cdc_inst/dest_graysync_ff_reg[0][6]} \
          {i_pcileech_pcie_a7/i_pcileech_pcie_tlp_a7/i_pcileech_tlps128_dst_fifo/i_fifo_134_134_clk2/U0/inst_fifo_gen/gconvfifo.rf/grf.rf/gntv_or_sync_fifo.gcx.clkx/rd_pntr_cdc_inst/dest_graysync_ff_reg[0][7]} \
          {i_pcileech_pcie_a7/i_pcileech_pcie_tlp_a7/i_pcileech_tlps128_dst_fifo/i_fifo_134_134_clk2/U0/inst_fifo_gen/gconvfifo.rf/grf.rf/gntv_or_sync_fifo.gcx.clkx/rd_pntr_cdc_inst/dest_graysync_ff_reg[0][8]} \
          {i_pcileech_pcie_a7/i_pcileech_pcie_tlp_a7/i_pcileech_tlps128_dst_fifo/i_fifo_134_134_clk2/U0/inst_fifo_gen/gconvfifo.rf/grf.rf/gntv_or_sync_fifo.gcx.clkx/rd_pntr_cdc_inst/dest_graysync_ff_reg[0][9]}]] 10.000
Requirement: 10.000ns
Endpoints: 11

From Clock            To Clock              Endpoint Pin                    Reference Pin                   Corner  Actual(ns)  Slack(ns)
--------------------  --------------------  ------------------------------  ------------------------------  ------  ----------  ---------
net_clk               userclk1              i_pcileech_pcie_a7/i_pcileech_pcie_tlp_a7/i_pcileech_tlps128_dst_fifo/i_fifo_134_134_clk2/U0/inst_fifo_gen/gconvfifo.rf/grf.rf/gntv_or_sync_fifo.gcx.clkx/rd_pntr_cdc_inst/dest_graysync_ff_reg[0][1]/D
                                                                            i_pcileech_pcie_a7/i_pcileech_pcie_tlp_a7/i_pcileech_tlps128_dst_fifo/i_fifo_134_134_clk2/U0/inst_fifo_gen/gconvfifo.rf/grf.rf/gntv_or_sync_fifo.gcx.clkx/rd_pntr_cdc_inst/dest_graysync_ff_reg[0][6]/D
                                                                                                            Slow         0.739      9.261


Slack (MET) :             9.261ns  (requirement - actual skew)
  Endpoint Source:        <hidden>
                            (rising edge-triggered cell FDRE clocked by net_clk)
  Endpoint Destination:   <hidden>
                            (rising edge-triggered cell FDRE clocked by userclk1)
  Reference Source:       <hidden>
                            (rising edge-triggered cell FDRE clocked by net_clk)
  Reference Destination:  <hidden>
                            (rising edge-triggered cell FDRE clocked by userclk1)
  Path Type:              Bus Skew (Max at Slow Process Corner)
  Requirement:            10.000ns
  Endpoint Relative Delay:    0.258ns
  Reference Relative Delay:  -1.013ns
  Relative CRPR:              0.533ns
  Actual Bus Skew:            0.739ns  (Endpoint Relative Delay - Reference Relative Delay - Relative CRPR)

Endpoint path:
    Location             Delay type                Incr(ns)  Path(ns)    Netlist Resource(s)
  -------------------------------------------------------------------    -------------------
                         (clock net_clk rise edge)    0.000     0.000 r  
    J19                                               0.000     0.000 r  clk (IN)
                         net (fo=0)                   0.000     0.000    clk
    J19                  IBUF (Prop_ibuf_I_O)         1.416     1.416 r  clk_IBUF_inst/O
                         net (fo=1, routed)           1.709     3.124    clk_IBUF
    BUFGCTRL_X0Y16       BUFG (Prop_bufg_I_O)         0.081     3.205 r  clk_IBUF_BUFG_inst/O
                         net (fo=3727, routed)        1.434     4.640    <hidden>
    SLICE_X78Y108        FDRE                                         r  <hidden>
  -------------------------------------------------------------------    -------------------
    SLICE_X78Y108        FDRE (Prop_fdre_C_Q)         0.398     5.038 r  <hidden>
                         net (fo=1, routed)           0.490     5.528    <hidden>
    SLICE_X78Y109        FDRE                                         r  <hidden>
  -------------------------------------------------------------------    -------------------

                         (clock userclk1 rise edge)
                                                      0.000     0.000 r  
    GTPE2_CHANNEL_X0Y7   GTPE2_CHANNEL                0.000     0.000 r  i_pcileech_pcie_a7/i_pcie_7x_0/inst/inst/gt_top_i/pipe_wrapper_i/pipe_lane[0].gt_wrapper_i/gtp_channel.gtpe2_channel_i/TXOUTCLK
                         net (fo=1, routed)           1.199     1.199    i_pcileech_pcie_a7/i_pcie_7x_0/inst/inst/gt_top_i/pipe_wrapper_i/pipe_clock_int.pipe_clock_i/txoutclk_i.txoutclk_i_0
    BUFGCTRL_X0Y19       BUFG (Prop_bufg_I_O)         0.077     1.276 r  i_pcileech_pcie_a7/i_pcie_7x_0/inst/inst/gt_top_i/pipe_wrapper_i/pipe_clock_int.pipe_clock_i/txoutclk_i.txoutclk_i/O
                         net (fo=1, routed)           1.302     2.578    i_pcileech_pcie_a7/i_pcie_7x_0/inst/inst/gt_top_i/pipe_wrapper_i/pipe_clock_int.pipe_clock_i/refclk
    MMCME2_ADV_X0Y1      MMCME2_ADV (Prop_mmcme2_adv_CLKIN1_CLKOUT2)
                                                      0.073     2.651 r  i_pcileech_pcie_a7/i_pcie_7x_0/inst/inst/gt_top_i/pipe_wrapper_i/pipe_clock_int.pipe_clock_i/mmcm_i/CLKOUT2
                         net (fo=1, routed)           1.374     4.024    i_pcileech_pcie_a7/i_pcie_7x_0/inst/inst/gt_top_i/pipe_wrapper_i/pipe_clock_int.pipe_clock_i/userclk1
    BUFGCTRL_X0Y0        BUFG (Prop_bufg_I_O)         0.077     4.102 r  i_pcileech_pcie_a7/i_pcie_7x_0/inst/inst/gt_top_i/pipe_wrapper_i/pipe_clock_int.pipe_clock_i/userclk1_i1.usrclk1_i1/O
                         net (fo=3883, routed)        1.326     5.428    <hidden>
    SLICE_X78Y109        FDRE                                         r  <hidden>
                         clock pessimism              0.000     5.428    
    SLICE_X78Y109        FDRE (Setup_fdre_C_D)       -0.158     5.270    <hidden>
  -------------------------------------------------------------------
                         data arrival                           5.528    
                         clock arrival                          5.270    
  -------------------------------------------------------------------
                         relative delay                         0.258    

Reference path:
    Location             Delay type                Incr(ns)  Path(ns)    Netlist Resource(s)
  -------------------------------------------------------------------    -------------------
                         (clock net_clk rise edge)    0.000     0.000 r  
    J19                                               0.000     0.000 r  clk (IN)
                         net (fo=0)                   0.000     0.000    clk
    J19                  IBUF (Prop_ibuf_I_O)         1.350     1.350 r  clk_IBUF_inst/O
                         net (fo=1, routed)           1.620     2.970    clk_IBUF
    BUFGCTRL_X0Y16       BUFG (Prop_bufg_I_O)         0.077     3.047 r  clk_IBUF_BUFG_inst/O
                         net (fo=3727, routed)        1.321     4.368    <hidden>
    SLICE_X76Y109        FDRE                                         r  <hidden>
  -------------------------------------------------------------------    -------------------
    SLICE_X76Y109        FDRE (Prop_fdre_C_Q)         0.347     4.715 r  <hidden>
                         net (fo=1, routed)           0.188     4.902    <hidden>
    SLICE_X77Y109        FDRE                                         r  <hidden>
  -------------------------------------------------------------------    -------------------

                         (clock userclk1 rise edge)
                                                      0.000     0.000 r  
    GTPE2_CHANNEL_X0Y7   GTPE2_CHANNEL                0.000     0.000 r  i_pcileech_pcie_a7/i_pcie_7x_0/inst/inst/gt_top_i/pipe_wrapper_i/pipe_lane[0].gt_wrapper_i/gtp_channel.gtpe2_channel_i/TXOUTCLK
                         net (fo=1, routed)           1.257     1.257    i_pcileech_pcie_a7/i_pcie_7x_0/inst/inst/gt_top_i/pipe_wrapper_i/pipe_clock_int.pipe_clock_i/txoutclk_i.txoutclk_i_0
    BUFGCTRL_X0Y19       BUFG (Prop_bufg_I_O)         0.081     1.338 r  i_pcileech_pcie_a7/i_pcie_7x_0/inst/inst/gt_top_i/pipe_wrapper_i/pipe_clock_int.pipe_clock_i/txoutclk_i.txoutclk_i/O
                         net (fo=1, routed)           1.408     2.745    i_pcileech_pcie_a7/i_pcie_7x_0/inst/inst/gt_top_i/pipe_wrapper_i/pipe_clock_int.pipe_clock_i/refclk
    MMCME2_ADV_X0Y1      MMCME2_ADV (Prop_mmcme2_adv_CLKIN1_CLKOUT2)
                                                      0.077     2.822 r  i_pcileech_pcie_a7/i_pcie_7x_0/inst/inst/gt_top_i/pipe_wrapper_i/pipe_clock_int.pipe_clock_i/mmcm_i/CLKOUT2
                         net (fo=1, routed)           1.441     4.263    i_pcileech_pcie_a7/i_pcie_7x_0/inst/inst/gt_top_i/pipe_wrapper_i/pipe_clock_int.pipe_clock_i/userclk1
    BUFGCTRL_X0Y0        BUFG (Prop_bufg_I_O)         0.081     4.344 r  i_pcileech_pcie_a7/i_pcie_7x_0/inst/inst/gt_top_i/pipe_wrapper_i/pipe_clock_int.pipe_clock_i/userclk1_i1.usrclk1_i1/O
                         net (fo=3883, routed)        1.433     5.777    <hidden>
    SLICE_X77Y109        FDRE                                         r  <hidden>
                         clock pessimism              0.000     5.777    
    SLICE_X77Y109        FDRE (Hold_fdre_C_D)         0.138     5.915    <hidden>
  -------------------------------------------------------------------
                         data arrival                           4.902    
                         clock arrival                          5.915    
  -------------------------------------------------------------------
                         relative delay                        -1.013    



Id: 4
set_bus_skew -from [get_cells [list {i_pcileech_pcie_a7/i_pcileech_pcie_tlp_a7/i_pcileech_tlps128_dst_fifo/i_fifo_134_134_clk2/U0/inst_fifo_gen/gconvfifo.rf/grf.rf/gntv_or_sync_fifo.gcx.clkx/wr_pntr_cdc_inst/src_gray_ff_reg[0]} \
          {i_pcileech_pcie_a7/i_pcileech_pcie_tlp_a7/i_pcileech_tlps128_dst_fifo/i_fifo_134_134_clk2/U0/inst_fifo_gen/gconvfifo.rf/grf.rf/gntv_or_sync_fifo.gcx.clkx/wr_pntr_cdc_inst/src_gray_ff_reg[10]} \
          {i_pcileech_pcie_a7/i_pcileech_pcie_tlp_a7/i_pcileech_tlps128_dst_fifo/i_fifo_134_134_clk2/U0/inst_fifo_gen/gconvfifo.rf/grf.rf/gntv_or_sync_fifo.gcx.clkx/wr_pntr_cdc_inst/src_gray_ff_reg[1]} \
          {i_pcileech_pcie_a7/i_pcileech_pcie_tlp_a7/i_pcileech_tlps128_dst_fifo/i_fifo_134_134_clk2/U0/inst_fifo_gen/gconvfifo.rf/grf.rf/gntv_or_sync_fifo.gcx.clkx/wr_pntr_cdc_inst/src_gray_ff_reg[2]} \
          {i_pcileech_pcie_a7/i_pcileech_pcie_tlp_a7/i_pcileech_tlps128_dst_fifo/i_fifo_134_134_clk2/U0/inst_fifo_gen/gconvfifo.rf/grf.rf/gntv_or_sync_fifo.gcx.clkx/wr_pntr_cdc_inst/src_gray_ff_reg[3]} \
          {i_pcileech_pcie_a7/i_pcileech_pcie_tlp_a7/i_pcileech_tlps128_dst_fifo/i_fifo_134_134_clk2/U0/inst_fifo_gen/gconvfifo.rf/grf.rf/gntv_or_sync_fifo.gcx.clkx/wr_pntr_cdc_inst/src_gray_ff_reg[4]} \
          {i_pcileech_pcie_a7/i_pcileech_pcie_tlp_a7/i_pcileech_tlps128_dst_fifo/i_fifo_134_134_clk2/U0/inst_fifo_gen/gconvfifo.rf/grf.rf/gntv_or_sync_fifo.gcx.clkx/wr_pntr_cdc_inst/src_gray_ff_reg[5]} \
          {i_pcileech_pcie_a7/i_pcileech_pcie_tlp_a7/i_pcileech_tlps128_dst_fifo/i_fifo_134_134_clk2/U0/inst_fifo_gen/gconvfifo.rf/grf.rf/gntv_or_sync_fifo.gcx.clkx/wr_pntr_cdc_inst/src_gray_ff_reg[6]} \
          {i_pcileech_pcie_a7/i_pcileech_pcie_tlp_a7/i_pcileech_tlps128_dst_fifo/i_fifo_134_134_clk2/U0/inst_fifo_gen/gconvfifo.rf/grf.rf/gntv_or_sync_fifo.gcx.clkx/wr_pntr_cdc_inst/src_gray_ff_reg[7]} \
          {i_pcileech_pcie_a7/i_pcileech_pcie_tlp_a7/i_pcileech_tlps128_dst_fifo/i_fifo_134_134_clk2/U0/inst_fifo_gen/gconvfifo.rf/grf.rf/gntv_or_sync_fifo.gcx.clkx/wr_pntr_cdc_inst/src_gray_ff_reg[8]} \
          {i_pcileech_pcie_a7/i_pcileech_pcie_tlp_a7/i_pcileech_tlps128_dst_fifo/i_fifo_134_134_clk2/U0/inst_fifo_gen/gconvfifo.rf/grf.rf/gntv_or_sync_fifo.gcx.clkx/wr_pntr_cdc_inst/src_gray_ff_reg[9]}]] -to [get_cells [list {i_pcileech_pcie_a7/i_pcileech_pcie_tlp_a7/i_pcileech_tlps128_dst_fifo/i_fifo_134_134_clk2/U0/inst_fifo_gen/gconvfifo.rf/grf.rf/gntv_or_sync_fifo.gcx.clkx/wr_pntr_cdc_inst/dest_graysync_ff_reg[0][0]} \
          {i_pcileech_pcie_a7/i_pcileech_pcie_tlp_a7/i_pcileech_tlps128_dst_fifo/i_fifo_134_134_clk2/U0/inst_fifo_gen/gconvfifo.rf/grf.rf/gntv_or_sync_fifo.gcx.clkx/wr_pntr_cdc_inst/dest_graysync_ff_reg[0][10]} \
          {i_pcileech_pcie_a7/i_pcileech_pcie_tlp_a7/i_pcileech_tlps128_dst_fifo/i_fifo_134_134_clk2/U0/inst_fifo_gen/gconvfifo.rf/grf.rf/gntv_or_sync_fifo.gcx.clkx/wr_pntr_cdc_inst/dest_graysync_ff_reg[0][1]} \
          {i_pcileech_pcie_a7/i_pcileech_pcie_tlp_a7/i_pcileech_tlps128_dst_fifo/i_fifo_134_134_clk2/U0/inst_fifo_gen/gconvfifo.rf/grf.rf/gntv_or_sync_fifo.gcx.clkx/wr_pntr_cdc_inst/dest_graysync_ff_reg[0][2]} \
          {i_pcileech_pcie_a7/i_pcileech_pcie_tlp_a7/i_pcileech_tlps128_dst_fifo/i_fifo_134_134_clk2/U0/inst_fifo_gen/gconvfifo.rf/grf.rf/gntv_or_sync_fifo.gcx.clkx/wr_pntr_cdc_inst/dest_graysync_ff_reg[0][3]} \
          {i_pcileech_pcie_a7/i_pcileech_pcie_tlp_a7/i_pcileech_tlps128_dst_fifo/i_fifo_134_134_clk2/U0/inst_fifo_gen/gconvfifo.rf/grf.rf/gntv_or_sync_fifo.gcx.clkx/wr_pntr_cdc_inst/dest_graysync_ff_reg[0][4]} \
          {i_pcileech_pcie_a7/i_pcileech_pcie_tlp_a7/i_pcileech_tlps128_dst_fifo/i_fifo_134_134_clk2/U0/inst_fifo_gen/gconvfifo.rf/grf.rf/gntv_or_sync_fifo.gcx.clkx/wr_pntr_cdc_inst/dest_graysync_ff_reg[0][5]} \
          {i_pcileech_pcie_a7/i_pcileech_pcie_tlp_a7/i_pcileech_tlps128_dst_fifo/i_fifo_134_134_clk2/U0/inst_fifo_gen/gconvfifo.rf/grf.rf/gntv_or_sync_fifo.gcx.clkx/wr_pntr_cdc_inst/dest_graysync_ff_reg[0][6]} \
          {i_pcileech_pcie_a7/i_pcileech_pcie_tlp_a7/i_pcileech_tlps128_dst_fifo/i_fifo_134_134_clk2/U0/inst_fifo_gen/gconvfifo.rf/grf.rf/gntv_or_sync_fifo.gcx.clkx/wr_pntr_cdc_inst/dest_graysync_ff_reg[0][7]} \
          {i_pcileech_pcie_a7/i_pcileech_pcie_tlp_a7/i_pcileech_tlps128_dst_fifo/i_fifo_134_134_clk2/U0/inst_fifo_gen/gconvfifo.rf/grf.rf/gntv_or_sync_fifo.gcx.clkx/wr_pntr_cdc_inst/dest_graysync_ff_reg[0][8]} \
          {i_pcileech_pcie_a7/i_pcileech_pcie_tlp_a7/i_pcileech_tlps128_dst_fifo/i_fifo_134_134_clk2/U0/inst_fifo_gen/gconvfifo.rf/grf.rf/gntv_or_sync_fifo.gcx.clkx/wr_pntr_cdc_inst/dest_graysync_ff_reg[0][9]}]] 10.000
Requirement: 10.000ns
Endpoints: 11

From Clock            To Clock              Endpoint Pin                    Reference Pin                   Corner  Actual(ns)  Slack(ns)
--------------------  --------------------  ------------------------------  ------------------------------  ------  ----------  ---------
userclk1              net_clk               i_pcileech_pcie_a7/i_pcileech_pcie_tlp_a7/i_pcileech_tlps128_dst_fifo/i_fifo_134_134_clk2/U0/inst_fifo_gen/gconvfifo.rf/grf.rf/gntv_or_sync_fifo.gcx.clkx/wr_pntr_cdc_inst/dest_graysync_ff_reg[0][3]/D
                                                                            i_pcileech_pcie_a7/i_pcileech_pcie_tlp_a7/i_pcileech_tlps128_dst_fifo/i_fifo_134_134_clk2/U0/inst_fifo_gen/gconvfifo.rf/grf.rf/gntv_or_sync_fifo.gcx.clkx/wr_pntr_cdc_inst/dest_graysync_ff_reg[0][6]/D
                                                                                                            Slow         0.685      9.315


Slack (MET) :             9.315ns  (requirement - actual skew)
  Endpoint Source:        <hidden>
                            (rising edge-triggered cell FDRE clocked by userclk1)
  Endpoint Destination:   <hidden>
                            (rising edge-triggered cell FDRE clocked by net_clk)
  Reference Source:       <hidden>
                            (rising edge-triggered cell FDRE clocked by userclk1)
  Reference Destination:  <hidden>
                            (rising edge-triggered cell FDRE clocked by net_clk)
  Path Type:              Bus Skew (Max at Slow Process Corner)
  Requirement:            10.000ns
  Endpoint Relative Delay:    2.347ns
  Reference Relative Delay:   1.130ns
  Relative CRPR:              0.533ns
  Actual Bus Skew:            0.685ns  (Endpoint Relative Delay - Reference Relative Delay - Relative CRPR)

Endpoint path:
    Location             Delay type                Incr(ns)  Path(ns)    Netlist Resource(s)
  -------------------------------------------------------------------    -------------------
                         (clock userclk1 rise edge)
                                                      0.000     0.000 r  
    GTPE2_CHANNEL_X0Y7   GTPE2_CHANNEL                0.000     0.000 r  i_pcileech_pcie_a7/i_pcie_7x_0/inst/inst/gt_top_i/pipe_wrapper_i/pipe_lane[0].gt_wrapper_i/gtp_channel.gtpe2_channel_i/TXOUTCLK
                         net (fo=1, routed)           1.257     1.257    i_pcileech_pcie_a7/i_pcie_7x_0/inst/inst/gt_top_i/pipe_wrapper_i/pipe_clock_int.pipe_clock_i/txoutclk_i.txoutclk_i_0
    BUFGCTRL_X0Y19       BUFG (Prop_bufg_I_O)         0.081     1.338 r  i_pcileech_pcie_a7/i_pcie_7x_0/inst/inst/gt_top_i/pipe_wrapper_i/pipe_clock_int.pipe_clock_i/txoutclk_i.txoutclk_i/O
                         net (fo=1, routed)           1.408     2.745    i_pcileech_pcie_a7/i_pcie_7x_0/inst/inst/gt_top_i/pipe_wrapper_i/pipe_clock_int.pipe_clock_i/refclk
    MMCME2_ADV_X0Y1      MMCME2_ADV (Prop_mmcme2_adv_CLKIN1_CLKOUT2)
                                                      0.077     2.822 r  i_pcileech_pcie_a7/i_pcie_7x_0/inst/inst/gt_top_i/pipe_wrapper_i/pipe_clock_int.pipe_clock_i/mmcm_i/CLKOUT2
                         net (fo=1, routed)           1.441     4.263    i_pcileech_pcie_a7/i_pcie_7x_0/inst/inst/gt_top_i/pipe_wrapper_i/pipe_clock_int.pipe_clock_i/userclk1
    BUFGCTRL_X0Y0        BUFG (Prop_bufg_I_O)         0.081     4.344 r  i_pcileech_pcie_a7/i_pcie_7x_0/inst/inst/gt_top_i/pipe_wrapper_i/pipe_clock_int.pipe_clock_i/userclk1_i1.usrclk1_i1/O
                         net (fo=3883, routed)        1.439     5.783    <hidden>
    SLICE_X78Y102        FDRE                                         r  <hidden>
  -------------------------------------------------------------------    -------------------
    SLICE_X78Y102        FDRE (Prop_fdre_C_Q)         0.398     6.181 r  <hidden>
                         net (fo=1, routed)           0.377     6.558    <hidden>
    SLICE_X78Y101        FDRE                                         r  <hidden>
  -------------------------------------------------------------------    -------------------

                         (clock net_clk rise edge)    0.000     0.000 r  
    J19                                               0.000     0.000 r  clk (IN)
                         net (fo=0)                   0.000     0.000    clk
    J19                  IBUF (Prop_ibuf_I_O)         1.350     1.350 r  clk_IBUF_inst/O
                         net (fo=1, routed)           1.620     2.970    clk_IBUF
    BUFGCTRL_X0Y16       BUFG (Prop_bufg_I_O)         0.077     3.047 r  clk_IBUF_BUFG_inst/O
                         net (fo=3727, routed)        1.325     4.372    <hidden>
    SLICE_X78Y101        FDRE                                         r  <hidden>
                         clock pessimism              0.000     4.372    
    SLICE_X78Y101        FDRE (Setup_fdre_C_D)       -0.161     4.211    <hidden>
  -------------------------------------------------------------------
                         data arrival                           6.558    
                         clock arrival                          4.211    
  -------------------------------------------------------------------
                         relative delay                         2.347    

Reference path:
    Location             Delay type                Incr(ns)  Path(ns)    Netlist Resource(s)
  -------------------------------------------------------------------    -------------------
                         (clock userclk1 rise edge)
                                                      0.000     0.000 r  
    GTPE2_CHANNEL_X0Y7   GTPE2_CHANNEL                0.000     0.000 r  i_pcileech_pcie_a7/i_pcie_7x_0/inst/inst/gt_top_i/pipe_wrapper_i/pipe_lane[0].gt_wrapper_i/gtp_channel.gtpe2_channel_i/TXOUTCLK
                         net (fo=1, routed)           1.199     1.199    i_pcileech_pcie_a7/i_pcie_7x_0/inst/inst/gt_top_i/pipe_wrapper_i/pipe_clock_int.pipe_clock_i/txoutclk_i.txoutclk_i_0
    BUFGCTRL_X0Y19       BUFG (Prop_bufg_I_O)         0.077     1.276 r  i_pcileech_pcie_a7/i_pcie_7x_0/inst/inst/gt_top_i/pipe_wrapper_i/pipe_clock_int.pipe_clock_i/txoutclk_i.txoutclk_i/O
                         net (fo=1, routed)           1.302     2.578    i_pcileech_pcie_a7/i_pcie_7x_0/inst/inst/gt_top_i/pipe_wrapper_i/pipe_clock_int.pipe_clock_i/refclk
    MMCME2_ADV_X0Y1      MMCME2_ADV (Prop_mmcme2_adv_CLKIN1_CLKOUT2)
                                                      0.073     2.651 r  i_pcileech_pcie_a7/i_pcie_7x_0/inst/inst/gt_top_i/pipe_wrapper_i/pipe_clock_int.pipe_clock_i/mmcm_i/CLKOUT2
                         net (fo=1, routed)           1.374     4.024    i_pcileech_pcie_a7/i_pcie_7x_0/inst/inst/gt_top_i/pipe_wrapper_i/pipe_clock_int.pipe_clock_i/userclk1
    BUFGCTRL_X0Y0        BUFG (Prop_bufg_I_O)         0.077     4.102 r  i_pcileech_pcie_a7/i_pcie_7x_0/inst/inst/gt_top_i/pipe_wrapper_i/pipe_clock_int.pipe_clock_i/userclk1_i1.usrclk1_i1/O
                         net (fo=3883, routed)        1.331     5.433    <hidden>
    SLICE_X81Y101        FDRE                                         r  <hidden>
  -------------------------------------------------------------------    -------------------
    SLICE_X81Y101        FDRE (Prop_fdre_C_Q)         0.304     5.737 r  <hidden>
                         net (fo=1, routed)           0.224     5.961    <hidden>
    SLICE_X80Y101        FDRE                                         r  <hidden>
  -------------------------------------------------------------------    -------------------

                         (clock net_clk rise edge)    0.000     0.000 r  
    J19                                               0.000     0.000 r  clk (IN)
                         net (fo=0)                   0.000     0.000    clk
    J19                  IBUF (Prop_ibuf_I_O)         1.416     1.416 r  clk_IBUF_inst/O
                         net (fo=1, routed)           1.709     3.124    clk_IBUF
    BUFGCTRL_X0Y16       BUFG (Prop_bufg_I_O)         0.081     3.205 r  clk_IBUF_BUFG_inst/O
                         net (fo=3727, routed)        1.438     4.644    <hidden>
    SLICE_X80Y101        FDRE                                         r  <hidden>
                         clock pessimism              0.000     4.644    
    SLICE_X80Y101        FDRE (Hold_fdre_C_D)         0.187     4.831    <hidden>
  -------------------------------------------------------------------
                         data arrival                           5.961    
                         clock arrival                          4.831    
  -------------------------------------------------------------------
                         relative delay                         1.130    



Id: 5
set_bus_skew -from [get_cells [list {i_pcileech_pcie_a7/i_pcileech_pcie_tlp_a7/i_pcileech_tlps128_src_fifo/i_fifo_1_1_clk2/U0/inst_fifo_gen/gconvfifo.rf/grf.rf/gntv_or_sync_fifo.gcx.clkx/rd_pntr_cdc_inst/src_gray_ff_reg[0]} {i_pcileech_pcie_a7/i_pcileech_pcie_tlp_a7/i_pcileech_tlps128_src_fifo/i_fifo_1_1_clk2/U0/inst_fifo_gen/gconvfifo.rf/grf.rf/gntv_or_sync_fifo.gcx.clkx/rd_pntr_cdc_inst/src_gray_ff_reg[1]} {i_pcileech_pcie_a7/i_pcileech_pcie_tlp_a7/i_pcileech_tlps128_src_fifo/i_fifo_1_1_clk2/U0/inst_fifo_gen/gconvfifo.rf/grf.rf/gntv_or_sync_fifo.gcx.clkx/rd_pntr_cdc_inst/src_gray_ff_reg[2]} {i_pcileech_pcie_a7/i_pcileech_pcie_tlp_a7/i_pcileech_tlps128_src_fifo/i_fifo_1_1_clk2/U0/inst_fifo_gen/gconvfifo.rf/grf.rf/gntv_or_sync_fifo.gcx.clkx/rd_pntr_cdc_inst/src_gray_ff_reg[3]}]] -to [get_cells [list {i_pcileech_pcie_a7/i_pcileech_pcie_tlp_a7/i_pcileech_tlps128_src_fifo/i_fifo_1_1_clk2/U0/inst_fifo_gen/gconvfifo.rf/grf.rf/gntv_or_sync_fifo.gcx.clkx/rd_pntr_cdc_inst/dest_graysync_ff_reg[0][0]} {i_pcileech_pcie_a7/i_pcileech_pcie_tlp_a7/i_pcileech_tlps128_src_fifo/i_fifo_1_1_clk2/U0/inst_fifo_gen/gconvfifo.rf/grf.rf/gntv_or_sync_fifo.gcx.clkx/rd_pntr_cdc_inst/dest_graysync_ff_reg[0][1]} {i_pcileech_pcie_a7/i_pcileech_pcie_tlp_a7/i_pcileech_tlps128_src_fifo/i_fifo_1_1_clk2/U0/inst_fifo_gen/gconvfifo.rf/grf.rf/gntv_or_sync_fifo.gcx.clkx/rd_pntr_cdc_inst/dest_graysync_ff_reg[0][2]} {i_pcileech_pcie_a7/i_pcileech_pcie_tlp_a7/i_pcileech_tlps128_src_fifo/i_fifo_1_1_clk2/U0/inst_fifo_gen/gconvfifo.rf/grf.rf/gntv_or_sync_fifo.gcx.clkx/rd_pntr_cdc_inst/dest_graysync_ff_reg[0][3]}]] 10.000
Requirement: 10.000ns
Endpoints: 4

From Clock            To Clock              Endpoint Pin                    Reference Pin                   Corner  Actual(ns)  Slack(ns)
--------------------  --------------------  ------------------------------  ------------------------------  ------  ----------  ---------
userclk1              net_clk               i_pcileech_pcie_a7/i_pcileech_pcie_tlp_a7/i_pcileech_tlps128_src_fifo/i_fifo_1_1_clk2/U0/inst_fifo_gen/gconvfifo.rf/grf.rf/gntv_or_sync_fifo.gcx.clkx/rd_pntr_cdc_inst/dest_graysync_ff_reg[0][3]/D
                                                                            i_pcileech_pcie_a7/i_pcileech_pcie_tlp_a7/i_pcileech_tlps128_src_fifo/i_fifo_1_1_clk2/U0/inst_fifo_gen/gconvfifo.rf/grf.rf/gntv_or_sync_fifo.gcx.clkx/rd_pntr_cdc_inst/dest_graysync_ff_reg[0][1]/D
                                                                                                            Slow         0.640      9.360


Slack (MET) :             9.360ns  (requirement - actual skew)
  Endpoint Source:        <hidden>
                            (rising edge-triggered cell FDRE clocked by userclk1)
  Endpoint Destination:   <hidden>
                            (rising edge-triggered cell FDRE clocked by net_clk)
  Reference Source:       <hidden>
                            (rising edge-triggered cell FDRE clocked by userclk1)
  Reference Destination:  <hidden>
                            (rising edge-triggered cell FDRE clocked by net_clk)
  Path Type:              Bus Skew (Max at Slow Process Corner)
  Requirement:            10.000ns
  Endpoint Relative Delay:    2.460ns
  Reference Relative Delay:   1.255ns
  Relative CRPR:              0.566ns
  Actual Bus Skew:            0.640ns  (Endpoint Relative Delay - Reference Relative Delay - Relative CRPR)

Endpoint path:
    Location             Delay type                Incr(ns)  Path(ns)    Netlist Resource(s)
  -------------------------------------------------------------------    -------------------
                         (clock userclk1 rise edge)
                                                      0.000     0.000 r  
    GTPE2_CHANNEL_X0Y7   GTPE2_CHANNEL                0.000     0.000 r  i_pcileech_pcie_a7/i_pcie_7x_0/inst/inst/gt_top_i/pipe_wrapper_i/pipe_lane[0].gt_wrapper_i/gtp_channel.gtpe2_channel_i/TXOUTCLK
                         net (fo=1, routed)           1.257     1.257    i_pcileech_pcie_a7/i_pcie_7x_0/inst/inst/gt_top_i/pipe_wrapper_i/pipe_clock_int.pipe_clock_i/txoutclk_i.txoutclk_i_0
    BUFGCTRL_X0Y19       BUFG (Prop_bufg_I_O)         0.081     1.338 r  i_pcileech_pcie_a7/i_pcie_7x_0/inst/inst/gt_top_i/pipe_wrapper_i/pipe_clock_int.pipe_clock_i/txoutclk_i.txoutclk_i/O
                         net (fo=1, routed)           1.408     2.745    i_pcileech_pcie_a7/i_pcie_7x_0/inst/inst/gt_top_i/pipe_wrapper_i/pipe_clock_int.pipe_clock_i/refclk
    MMCME2_ADV_X0Y1      MMCME2_ADV (Prop_mmcme2_adv_CLKIN1_CLKOUT2)
                                                      0.077     2.822 r  i_pcileech_pcie_a7/i_pcie_7x_0/inst/inst/gt_top_i/pipe_wrapper_i/pipe_clock_int.pipe_clock_i/mmcm_i/CLKOUT2
                         net (fo=1, routed)           1.441     4.263    i_pcileech_pcie_a7/i_pcie_7x_0/inst/inst/gt_top_i/pipe_wrapper_i/pipe_clock_int.pipe_clock_i/userclk1
    BUFGCTRL_X0Y0        BUFG (Prop_bufg_I_O)         0.081     4.344 r  i_pcileech_pcie_a7/i_pcie_7x_0/inst/inst/gt_top_i/pipe_wrapper_i/pipe_clock_int.pipe_clock_i/userclk1_i1.usrclk1_i1/O
                         net (fo=3883, routed)        1.537     5.881    <hidden>
    SLICE_X23Y155        FDRE                                         r  <hidden>
  -------------------------------------------------------------------    -------------------
    SLICE_X23Y155        FDRE (Prop_fdre_C_Q)         0.348     6.229 r  <hidden>
                         net (fo=1, routed)           0.484     6.713    <hidden>
    SLICE_X22Y155        FDRE                                         r  <hidden>
  -------------------------------------------------------------------    -------------------

                         (clock net_clk rise edge)    0.000     0.000 r  
    J19                                               0.000     0.000 r  clk (IN)
                         net (fo=0)                   0.000     0.000    clk
    J19                  IBUF (Prop_ibuf_I_O)         1.350     1.350 r  clk_IBUF_inst/O
                         net (fo=1, routed)           1.620     2.970    clk_IBUF
    BUFGCTRL_X0Y16       BUFG (Prop_bufg_I_O)         0.077     3.047 r  clk_IBUF_BUFG_inst/O
                         net (fo=3727, routed)        1.416     4.463    <hidden>
    SLICE_X22Y155        FDRE                                         r  <hidden>
                         clock pessimism              0.000     4.463    
    SLICE_X22Y155        FDRE (Setup_fdre_C_D)       -0.210     4.253    <hidden>
  -------------------------------------------------------------------
                         data arrival                           6.713    
                         clock arrival                          4.253    
  -------------------------------------------------------------------
                         relative delay                         2.460    

Reference path:
    Location             Delay type                Incr(ns)  Path(ns)    Netlist Resource(s)
  -------------------------------------------------------------------    -------------------
                         (clock userclk1 rise edge)
                                                      0.000     0.000 r  
    GTPE2_CHANNEL_X0Y7   GTPE2_CHANNEL                0.000     0.000 r  i_pcileech_pcie_a7/i_pcie_7x_0/inst/inst/gt_top_i/pipe_wrapper_i/pipe_lane[0].gt_wrapper_i/gtp_channel.gtpe2_channel_i/TXOUTCLK
                         net (fo=1, routed)           1.199     1.199    i_pcileech_pcie_a7/i_pcie_7x_0/inst/inst/gt_top_i/pipe_wrapper_i/pipe_clock_int.pipe_clock_i/txoutclk_i.txoutclk_i_0
    BUFGCTRL_X0Y19       BUFG (Prop_bufg_I_O)         0.077     1.276 r  i_pcileech_pcie_a7/i_pcie_7x_0/inst/inst/gt_top_i/pipe_wrapper_i/pipe_clock_int.pipe_clock_i/txoutclk_i.txoutclk_i/O
                         net (fo=1, routed)           1.302     2.578    i_pcileech_pcie_a7/i_pcie_7x_0/inst/inst/gt_top_i/pipe_wrapper_i/pipe_clock_int.pipe_clock_i/refclk
    MMCME2_ADV_X0Y1      MMCME2_ADV (Prop_mmcme2_adv_CLKIN1_CLKOUT2)
                                                      0.073     2.651 r  i_pcileech_pcie_a7/i_pcie_7x_0/inst/inst/gt_top_i/pipe_wrapper_i/pipe_clock_int.pipe_clock_i/mmcm_i/CLKOUT2
                         net (fo=1, routed)           1.374     4.024    i_pcileech_pcie_a7/i_pcie_7x_0/inst/inst/gt_top_i/pipe_wrapper_i/pipe_clock_int.pipe_clock_i/userclk1
    BUFGCTRL_X0Y0        BUFG (Prop_bufg_I_O)         0.077     4.102 r  i_pcileech_pcie_a7/i_pcie_7x_0/inst/inst/gt_top_i/pipe_wrapper_i/pipe_clock_int.pipe_clock_i/userclk1_i1.usrclk1_i1/O
                         net (fo=3883, routed)        1.417     5.518    <hidden>
    SLICE_X24Y155        FDRE                                         r  <hidden>
  -------------------------------------------------------------------    -------------------
    SLICE_X24Y155        FDRE (Prop_fdre_C_Q)         0.279     5.797 r  <hidden>
                         net (fo=1, routed)           0.225     6.022    <hidden>
    SLICE_X22Y154        FDRE                                         r  <hidden>
  -------------------------------------------------------------------    -------------------

                         (clock net_clk rise edge)    0.000     0.000 r  
    J19                                               0.000     0.000 r  clk (IN)
                         net (fo=0)                   0.000     0.000    clk
    J19                  IBUF (Prop_ibuf_I_O)         1.416     1.416 r  clk_IBUF_inst/O
                         net (fo=1, routed)           1.709     3.124    clk_IBUF
    BUFGCTRL_X0Y16       BUFG (Prop_bufg_I_O)         0.081     3.205 r  clk_IBUF_BUFG_inst/O
                         net (fo=3727, routed)        1.534     4.740    <hidden>
    SLICE_X22Y154        FDRE                                         r  <hidden>
                         clock pessimism              0.000     4.740    
    SLICE_X22Y154        FDRE (Hold_fdre_C_D)         0.028     4.768    <hidden>
  -------------------------------------------------------------------
                         data arrival                           6.022    
                         clock arrival                          4.768    
  -------------------------------------------------------------------
                         relative delay                         1.255    



Id: 6
set_bus_skew -from [get_cells [list {i_pcileech_pcie_a7/i_pcileech_pcie_tlp_a7/i_pcileech_tlps128_src_fifo/i_fifo_1_1_clk2/U0/inst_fifo_gen/gconvfifo.rf/grf.rf/gntv_or_sync_fifo.gcx.clkx/wr_pntr_cdc_inst/src_gray_ff_reg[0]} {i_pcileech_pcie_a7/i_pcileech_pcie_tlp_a7/i_pcileech_tlps128_src_fifo/i_fifo_1_1_clk2/U0/inst_fifo_gen/gconvfifo.rf/grf.rf/gntv_or_sync_fifo.gcx.clkx/wr_pntr_cdc_inst/src_gray_ff_reg[1]} {i_pcileech_pcie_a7/i_pcileech_pcie_tlp_a7/i_pcileech_tlps128_src_fifo/i_fifo_1_1_clk2/U0/inst_fifo_gen/gconvfifo.rf/grf.rf/gntv_or_sync_fifo.gcx.clkx/wr_pntr_cdc_inst/src_gray_ff_reg[2]} {i_pcileech_pcie_a7/i_pcileech_pcie_tlp_a7/i_pcileech_tlps128_src_fifo/i_fifo_1_1_clk2/U0/inst_fifo_gen/gconvfifo.rf/grf.rf/gntv_or_sync_fifo.gcx.clkx/wr_pntr_cdc_inst/src_gray_ff_reg[3]}]] -to [get_cells [list {i_pcileech_pcie_a7/i_pcileech_pcie_tlp_a7/i_pcileech_tlps128_src_fifo/i_fifo_1_1_clk2/U0/inst_fifo_gen/gconvfifo.rf/grf.rf/gntv_or_sync_fifo.gcx.clkx/wr_pntr_cdc_inst/dest_graysync_ff_reg[0][0]} {i_pcileech_pcie_a7/i_pcileech_pcie_tlp_a7/i_pcileech_tlps128_src_fifo/i_fifo_1_1_clk2/U0/inst_fifo_gen/gconvfifo.rf/grf.rf/gntv_or_sync_fifo.gcx.clkx/wr_pntr_cdc_inst/dest_graysync_ff_reg[0][1]} {i_pcileech_pcie_a7/i_pcileech_pcie_tlp_a7/i_pcileech_tlps128_src_fifo/i_fifo_1_1_clk2/U0/inst_fifo_gen/gconvfifo.rf/grf.rf/gntv_or_sync_fifo.gcx.clkx/wr_pntr_cdc_inst/dest_graysync_ff_reg[0][2]} {i_pcileech_pcie_a7/i_pcileech_pcie_tlp_a7/i_pcileech_tlps128_src_fifo/i_fifo_1_1_clk2/U0/inst_fifo_gen/gconvfifo.rf/grf.rf/gntv_or_sync_fifo.gcx.clkx/wr_pntr_cdc_inst/dest_graysync_ff_reg[0][3]}]] 10.000
Requirement: 10.000ns
Endpoints: 4

From Clock            To Clock              Endpoint Pin                    Reference Pin                   Corner  Actual(ns)  Slack(ns)
--------------------  --------------------  ------------------------------  ------------------------------  ------  ----------  ---------
net_clk               userclk1              i_pcileech_pcie_a7/i_pcileech_pcie_tlp_a7/i_pcileech_tlps128_src_fifo/i_fifo_1_1_clk2/U0/inst_fifo_gen/gconvfifo.rf/grf.rf/gntv_or_sync_fifo.gcx.clkx/wr_pntr_cdc_inst/dest_graysync_ff_reg[0][0]/D
                                                                            i_pcileech_pcie_a7/i_pcileech_pcie_tlp_a7/i_pcileech_tlps128_src_fifo/i_fifo_1_1_clk2/U0/inst_fifo_gen/gconvfifo.rf/grf.rf/gntv_or_sync_fifo.gcx.clkx/wr_pntr_cdc_inst/dest_graysync_ff_reg[0][1]/D
                                                                                                            Slow         0.505      9.495


Slack (MET) :             9.495ns  (requirement - actual skew)
  Endpoint Source:        <hidden>
                            (rising edge-triggered cell FDRE clocked by net_clk)
  Endpoint Destination:   <hidden>
                            (rising edge-triggered cell FDRE clocked by userclk1)
  Reference Source:       <hidden>
                            (rising edge-triggered cell FDRE clocked by net_clk)
  Reference Destination:  <hidden>
                            (rising edge-triggered cell FDRE clocked by userclk1)
  Path Type:              Bus Skew (Max at Slow Process Corner)
  Requirement:            10.000ns
  Endpoint Relative Delay:    0.154ns
  Reference Relative Delay:  -0.944ns
  Relative CRPR:              0.594ns
  Actual Bus Skew:            0.505ns  (Endpoint Relative Delay - Reference Relative Delay - Relative CRPR)

Endpoint path:
    Location             Delay type                Incr(ns)  Path(ns)    Netlist Resource(s)
  -------------------------------------------------------------------    -------------------
                         (clock net_clk rise edge)    0.000     0.000 r  
    J19                                               0.000     0.000 r  clk (IN)
                         net (fo=0)                   0.000     0.000    clk
    J19                  IBUF (Prop_ibuf_I_O)         1.416     1.416 r  clk_IBUF_inst/O
                         net (fo=1, routed)           1.709     3.124    clk_IBUF
    BUFGCTRL_X0Y16       BUFG (Prop_bufg_I_O)         0.081     3.205 r  clk_IBUF_BUFG_inst/O
                         net (fo=3727, routed)        1.535     4.741    <hidden>
    SLICE_X19Y154        FDRE                                         r  <hidden>
  -------------------------------------------------------------------    -------------------
    SLICE_X19Y154        FDRE (Prop_fdre_C_Q)         0.379     5.120 r  <hidden>
                         net (fo=1, routed)           0.482     5.602    <hidden>
    SLICE_X19Y155        FDRE                                         r  <hidden>
  -------------------------------------------------------------------    -------------------

                         (clock userclk1 rise edge)
                                                      0.000     0.000 r  
    GTPE2_CHANNEL_X0Y7   GTPE2_CHANNEL                0.000     0.000 r  i_pcileech_pcie_a7/i_pcie_7x_0/inst/inst/gt_top_i/pipe_wrapper_i/pipe_lane[0].gt_wrapper_i/gtp_channel.gtpe2_channel_i/TXOUTCLK
                         net (fo=1, routed)           1.199     1.199    i_pcileech_pcie_a7/i_pcie_7x_0/inst/inst/gt_top_i/pipe_wrapper_i/pipe_clock_int.pipe_clock_i/txoutclk_i.txoutclk_i_0
    BUFGCTRL_X0Y19       BUFG (Prop_bufg_I_O)         0.077     1.276 r  i_pcileech_pcie_a7/i_pcie_7x_0/inst/inst/gt_top_i/pipe_wrapper_i/pipe_clock_int.pipe_clock_i/txoutclk_i.txoutclk_i/O
                         net (fo=1, routed)           1.302     2.578    i_pcileech_pcie_a7/i_pcie_7x_0/inst/inst/gt_top_i/pipe_wrapper_i/pipe_clock_int.pipe_clock_i/refclk
    MMCME2_ADV_X0Y1      MMCME2_ADV (Prop_mmcme2_adv_CLKIN1_CLKOUT2)
                                                      0.073     2.651 r  i_pcileech_pcie_a7/i_pcie_7x_0/inst/inst/gt_top_i/pipe_wrapper_i/pipe_clock_int.pipe_clock_i/mmcm_i/CLKOUT2
                         net (fo=1, routed)           1.374     4.024    i_pcileech_pcie_a7/i_pcie_7x_0/inst/inst/gt_top_i/pipe_wrapper_i/pipe_clock_int.pipe_clock_i/userclk1
    BUFGCTRL_X0Y0        BUFG (Prop_bufg_I_O)         0.077     4.102 r  i_pcileech_pcie_a7/i_pcie_7x_0/inst/inst/gt_top_i/pipe_wrapper_i/pipe_clock_int.pipe_clock_i/userclk1_i1.usrclk1_i1/O
                         net (fo=3883, routed)        1.419     5.520    <hidden>
    SLICE_X19Y155        FDRE                                         r  <hidden>
                         clock pessimism              0.000     5.520    
    SLICE_X19Y155        FDRE (Setup_fdre_C_D)       -0.073     5.447    <hidden>
  -------------------------------------------------------------------
                         data arrival                           5.602    
                         clock arrival                          5.447    
  -------------------------------------------------------------------
                         relative delay                         0.154    

Reference path:
    Location             Delay type                Incr(ns)  Path(ns)    Netlist Resource(s)
  -------------------------------------------------------------------    -------------------
                         (clock net_clk rise edge)    0.000     0.000 r  
    J19                                               0.000     0.000 r  clk (IN)
                         net (fo=0)                   0.000     0.000    clk
    J19                  IBUF (Prop_ibuf_I_O)         1.350     1.350 r  clk_IBUF_inst/O
                         net (fo=1, routed)           1.620     2.970    clk_IBUF
    BUFGCTRL_X0Y16       BUFG (Prop_bufg_I_O)         0.077     3.047 r  clk_IBUF_BUFG_inst/O
                         net (fo=3727, routed)        1.417     4.464    <hidden>
    SLICE_X19Y154        FDRE                                         r  <hidden>
  -------------------------------------------------------------------    -------------------
    SLICE_X19Y154        FDRE (Prop_fdre_C_Q)         0.279     4.743 r  <hidden>
                         net (fo=1, routed)           0.220     4.963    <hidden>
    SLICE_X21Y155        FDRE                                         r  <hidden>
  -------------------------------------------------------------------    -------------------

                         (clock userclk1 rise edge)
                                                      0.000     0.000 r  
    GTPE2_CHANNEL_X0Y7   GTPE2_CHANNEL                0.000     0.000 r  i_pcileech_pcie_a7/i_pcie_7x_0/inst/inst/gt_top_i/pipe_wrapper_i/pipe_lane[0].gt_wrapper_i/gtp_channel.gtpe2_channel_i/TXOUTCLK
                         net (fo=1, routed)           1.257     1.257    i_pcileech_pcie_a7/i_pcie_7x_0/inst/inst/gt_top_i/pipe_wrapper_i/pipe_clock_int.pipe_clock_i/txoutclk_i.txoutclk_i_0
    BUFGCTRL_X0Y19       BUFG (Prop_bufg_I_O)         0.081     1.338 r  i_pcileech_pcie_a7/i_pcie_7x_0/inst/inst/gt_top_i/pipe_wrapper_i/pipe_clock_int.pipe_clock_i/txoutclk_i.txoutclk_i/O
                         net (fo=1, routed)           1.408     2.745    i_pcileech_pcie_a7/i_pcie_7x_0/inst/inst/gt_top_i/pipe_wrapper_i/pipe_clock_int.pipe_clock_i/refclk
    MMCME2_ADV_X0Y1      MMCME2_ADV (Prop_mmcme2_adv_CLKIN1_CLKOUT2)
                                                      0.077     2.822 r  i_pcileech_pcie_a7/i_pcie_7x_0/inst/inst/gt_top_i/pipe_wrapper_i/pipe_clock_int.pipe_clock_i/mmcm_i/CLKOUT2
                         net (fo=1, routed)           1.441     4.263    i_pcileech_pcie_a7/i_pcie_7x_0/inst/inst/gt_top_i/pipe_wrapper_i/pipe_clock_int.pipe_clock_i/userclk1
    BUFGCTRL_X0Y0        BUFG (Prop_bufg_I_O)         0.081     4.344 r  i_pcileech_pcie_a7/i_pcie_7x_0/inst/inst/gt_top_i/pipe_wrapper_i/pipe_clock_int.pipe_clock_i/userclk1_i1.usrclk1_i1/O
                         net (fo=3883, routed)        1.537     5.881    <hidden>
    SLICE_X21Y155        FDRE                                         r  <hidden>
                         clock pessimism              0.000     5.881    
    SLICE_X21Y155        FDRE (Hold_fdre_C_D)         0.026     5.907    <hidden>
  -------------------------------------------------------------------
                         data arrival                           4.963    
                         clock arrival                          5.907    
  -------------------------------------------------------------------
                         relative delay                        -0.944    



Id: 7
set_bus_skew -from [get_cells [list {i_pcileech_com/i_fifo_256_32_clk2_comtx/U0/inst_fifo_gen/gconvfifo.rf/grf.rf/gntv_or_sync_fifo.gcx.clkx/wr_pntr_cdc_inst/src_gray_ff_reg[0]} \
          {i_pcileech_com/i_fifo_256_32_clk2_comtx/U0/inst_fifo_gen/gconvfifo.rf/grf.rf/gntv_or_sync_fifo.gcx.clkx/wr_pntr_cdc_inst/src_gray_ff_reg[10]} \
          {i_pcileech_com/i_fifo_256_32_clk2_comtx/U0/inst_fifo_gen/gconvfifo.rf/grf.rf/gntv_or_sync_fifo.gcx.clkx/wr_pntr_cdc_inst/src_gray_ff_reg[11]} \
          {i_pcileech_com/i_fifo_256_32_clk2_comtx/U0/inst_fifo_gen/gconvfifo.rf/grf.rf/gntv_or_sync_fifo.gcx.clkx/wr_pntr_cdc_inst/src_gray_ff_reg[12]} \
          {i_pcileech_com/i_fifo_256_32_clk2_comtx/U0/inst_fifo_gen/gconvfifo.rf/grf.rf/gntv_or_sync_fifo.gcx.clkx/wr_pntr_cdc_inst/src_gray_ff_reg[1]} \
          {i_pcileech_com/i_fifo_256_32_clk2_comtx/U0/inst_fifo_gen/gconvfifo.rf/grf.rf/gntv_or_sync_fifo.gcx.clkx/wr_pntr_cdc_inst/src_gray_ff_reg[2]} \
          {i_pcileech_com/i_fifo_256_32_clk2_comtx/U0/inst_fifo_gen/gconvfifo.rf/grf.rf/gntv_or_sync_fifo.gcx.clkx/wr_pntr_cdc_inst/src_gray_ff_reg[3]} \
          {i_pcileech_com/i_fifo_256_32_clk2_comtx/U0/inst_fifo_gen/gconvfifo.rf/grf.rf/gntv_or_sync_fifo.gcx.clkx/wr_pntr_cdc_inst/src_gray_ff_reg[4]} \
          {i_pcileech_com/i_fifo_256_32_clk2_comtx/U0/inst_fifo_gen/gconvfifo.rf/grf.rf/gntv_or_sync_fifo.gcx.clkx/wr_pntr_cdc_inst/src_gray_ff_reg[5]} \
          {i_pcileech_com/i_fifo_256_32_clk2_comtx/U0/inst_fifo_gen/gconvfifo.rf/grf.rf/gntv_or_sync_fifo.gcx.clkx/wr_pntr_cdc_inst/src_gray_ff_reg[6]} \
          {i_pcileech_com/i_fifo_256_32_clk2_comtx/U0/inst_fifo_gen/gconvfifo.rf/grf.rf/gntv_or_sync_fifo.gcx.clkx/wr_pntr_cdc_inst/src_gray_ff_reg[7]} \
          {i_pcileech_com/i_fifo_256_32_clk2_comtx/U0/inst_fifo_gen/gconvfifo.rf/grf.rf/gntv_or_sync_fifo.gcx.clkx/wr_pntr_cdc_inst/src_gray_ff_reg[8]} \
          {i_pcileech_com/i_fifo_256_32_clk2_comtx/U0/inst_fifo_gen/gconvfifo.rf/grf.rf/gntv_or_sync_fifo.gcx.clkx/wr_pntr_cdc_inst/src_gray_ff_reg[9]}]] -to [get_cells [list {i_pcileech_com/i_fifo_256_32_clk2_comtx/U0/inst_fifo_gen/gconvfifo.rf/grf.rf/gntv_or_sync_fifo.gcx.clkx/wr_pntr_cdc_inst/dest_graysync_ff_reg[0][0]} \
          {i_pcileech_com/i_fifo_256_32_clk2_comtx/U0/inst_fifo_gen/gconvfifo.rf/grf.rf/gntv_or_sync_fifo.gcx.clkx/wr_pntr_cdc_inst/dest_graysync_ff_reg[0][10]} \
          {i_pcileech_com/i_fifo_256_32_clk2_comtx/U0/inst_fifo_gen/gconvfifo.rf/grf.rf/gntv_or_sync_fifo.gcx.clkx/wr_pntr_cdc_inst/dest_graysync_ff_reg[0][11]} \
          {i_pcileech_com/i_fifo_256_32_clk2_comtx/U0/inst_fifo_gen/gconvfifo.rf/grf.rf/gntv_or_sync_fifo.gcx.clkx/wr_pntr_cdc_inst/dest_graysync_ff_reg[0][12]} \
          {i_pcileech_com/i_fifo_256_32_clk2_comtx/U0/inst_fifo_gen/gconvfifo.rf/grf.rf/gntv_or_sync_fifo.gcx.clkx/wr_pntr_cdc_inst/dest_graysync_ff_reg[0][1]} \
          {i_pcileech_com/i_fifo_256_32_clk2_comtx/U0/inst_fifo_gen/gconvfifo.rf/grf.rf/gntv_or_sync_fifo.gcx.clkx/wr_pntr_cdc_inst/dest_graysync_ff_reg[0][2]} \
          {i_pcileech_com/i_fifo_256_32_clk2_comtx/U0/inst_fifo_gen/gconvfifo.rf/grf.rf/gntv_or_sync_fifo.gcx.clkx/wr_pntr_cdc_inst/dest_graysync_ff_reg[0][3]} \
          {i_pcileech_com/i_fifo_256_32_clk2_comtx/U0/inst_fifo_gen/gconvfifo.rf/grf.rf/gntv_or_sync_fifo.gcx.clkx/wr_pntr_cdc_inst/dest_graysync_ff_reg[0][4]} \
          {i_pcileech_com/i_fifo_256_32_clk2_comtx/U0/inst_fifo_gen/gconvfifo.rf/grf.rf/gntv_or_sync_fifo.gcx.clkx/wr_pntr_cdc_inst/dest_graysync_ff_reg[0][5]} \
          {i_pcileech_com/i_fifo_256_32_clk2_comtx/U0/inst_fifo_gen/gconvfifo.rf/grf.rf/gntv_or_sync_fifo.gcx.clkx/wr_pntr_cdc_inst/dest_graysync_ff_reg[0][6]} \
          {i_pcileech_com/i_fifo_256_32_clk2_comtx/U0/inst_fifo_gen/gconvfifo.rf/grf.rf/gntv_or_sync_fifo.gcx.clkx/wr_pntr_cdc_inst/dest_graysync_ff_reg[0][7]} \
          {i_pcileech_com/i_fifo_256_32_clk2_comtx/U0/inst_fifo_gen/gconvfifo.rf/grf.rf/gntv_or_sync_fifo.gcx.clkx/wr_pntr_cdc_inst/dest_graysync_ff_reg[0][8]} \
          {i_pcileech_com/i_fifo_256_32_clk2_comtx/U0/inst_fifo_gen/gconvfifo.rf/grf.rf/gntv_or_sync_fifo.gcx.clkx/wr_pntr_cdc_inst/dest_graysync_ff_reg[0][9]}]] 10.000
Requirement: 10.000ns
Endpoints: 13

From Clock            To Clock              Endpoint Pin                    Reference Pin                   Corner  Actual(ns)  Slack(ns)
--------------------  --------------------  ------------------------------  ------------------------------  ------  ----------  ---------
net_clk               net_ft601_clk         i_pcileech_com/i_fifo_256_32_clk2_comtx/U0/inst_fifo_gen/gconvfifo.rf/grf.rf/gntv_or_sync_fifo.gcx.clkx/wr_pntr_cdc_inst/dest_graysync_ff_reg[0][1]/D
                                                                            i_pcileech_com/i_fifo_256_32_clk2_comtx/U0/inst_fifo_gen/gconvfifo.rf/grf.rf/gntv_or_sync_fifo.gcx.clkx/wr_pntr_cdc_inst/dest_graysync_ff_reg[0][8]/D
                                                                                                            Slow         0.827      9.173


Slack (MET) :             9.173ns  (requirement - actual skew)
  Endpoint Source:        <hidden>
                            (rising edge-triggered cell FDRE clocked by net_clk)
  Endpoint Destination:   <hidden>
                            (rising edge-triggered cell FDRE clocked by net_ft601_clk)
  Reference Source:       <hidden>
                            (rising edge-triggered cell FDRE clocked by net_clk)
  Reference Destination:  <hidden>
                            (rising edge-triggered cell FDRE clocked by net_ft601_clk)
  Path Type:              Bus Skew (Max at Slow Process Corner)
  Requirement:            10.000ns
  Endpoint Relative Delay:    1.335ns
  Reference Relative Delay:   0.100ns
  Relative CRPR:              0.408ns
  Actual Bus Skew:            0.827ns  (Endpoint Relative Delay - Reference Relative Delay - Relative CRPR)

Endpoint path:
    Location             Delay type                Incr(ns)  Path(ns)    Netlist Resource(s)
  -------------------------------------------------------------------    -------------------
                         (clock net_clk rise edge)    0.000     0.000 r  
    J19                                               0.000     0.000 r  clk (IN)
                         net (fo=0)                   0.000     0.000    clk
    J19                  IBUF (Prop_ibuf_I_O)         1.416     1.416 r  clk_IBUF_inst/O
                         net (fo=1, routed)           1.709     3.124    clk_IBUF
    BUFGCTRL_X0Y16       BUFG (Prop_bufg_I_O)         0.081     3.205 r  clk_IBUF_BUFG_inst/O
                         net (fo=3727, routed)        1.371     4.576    <hidden>
    SLICE_X54Y92         FDRE                                         r  <hidden>
  -------------------------------------------------------------------    -------------------
    SLICE_X54Y92         FDRE (Prop_fdre_C_Q)         0.398     4.974 r  <hidden>
                         net (fo=1, routed)           0.471     5.445    <hidden>
    SLICE_X55Y92         FDRE                                         r  <hidden>
  -------------------------------------------------------------------    -------------------

                         (clock net_ft601_clk rise edge)
                                                      0.000     0.000 r  
    K18                                               0.000     0.000 r  ft601_clk (IN)
                         net (fo=0)                   0.000     0.000    ft601_clk
    K18                  IBUF (Prop_ibuf_I_O)         1.353     1.353 r  ft601_clk_IBUF_inst/O
                         net (fo=1, routed)           1.620     2.974    ft601_clk_IBUF
    BUFGCTRL_X0Y17       BUFG (Prop_bufg_I_O)         0.077     3.051 r  ft601_clk_IBUF_BUFG_inst/O
                         net (fo=769, routed)         1.260     4.310    <hidden>
    SLICE_X55Y92         FDRE                                         r  <hidden>
                         clock pessimism              0.000     4.310    
    SLICE_X55Y92         FDRE (Setup_fdre_C_D)       -0.200     4.110    <hidden>
  -------------------------------------------------------------------
                         data arrival                           5.445    
                         clock arrival                          4.110    
  -------------------------------------------------------------------
                         relative delay                         1.335    

Reference path:
    Location             Delay type                Incr(ns)  Path(ns)    Netlist Resource(s)
  -------------------------------------------------------------------    -------------------
                         (clock net_clk rise edge)    0.000     0.000 r  
    J19                                               0.000     0.000 r  clk (IN)
                         net (fo=0)                   0.000     0.000    clk
    J19                  IBUF (Prop_ibuf_I_O)         1.350     1.350 r  clk_IBUF_inst/O
                         net (fo=1, routed)           1.620     2.970    clk_IBUF
    BUFGCTRL_X0Y16       BUFG (Prop_bufg_I_O)         0.077     3.047 r  clk_IBUF_BUFG_inst/O
                         net (fo=3727, routed)        1.264     4.311    <hidden>
    SLICE_X51Y94         FDRE                                         r  <hidden>
  -------------------------------------------------------------------    -------------------
    SLICE_X51Y94         FDRE (Prop_fdre_C_Q)         0.304     4.615 r  <hidden>
                         net (fo=1, routed)           0.205     4.819    <hidden>
    SLICE_X52Y94         FDRE                                         r  <hidden>
  -------------------------------------------------------------------    -------------------

                         (clock net_ft601_clk rise edge)
                                                      0.000     0.000 r  
    K18                                               0.000     0.000 r  ft601_clk (IN)
                         net (fo=0)                   0.000     0.000    ft601_clk
    K18                  IBUF (Prop_ibuf_I_O)         1.419     1.419 r  ft601_clk_IBUF_inst/O
                         net (fo=1, routed)           1.709     3.128    ft601_clk_IBUF
    BUFGCTRL_X0Y17       BUFG (Prop_bufg_I_O)         0.081     3.209 r  ft601_clk_IBUF_BUFG_inst/O
                         net (fo=769, routed)         1.372     4.581    <hidden>
    SLICE_X52Y94         FDRE                                         r  <hidden>
                         clock pessimism              0.000     4.581    
    SLICE_X52Y94         FDRE (Hold_fdre_C_D)         0.138     4.719    <hidden>
  -------------------------------------------------------------------
                         data arrival                           4.819    
                         clock arrival                          4.719    
  -------------------------------------------------------------------
                         relative delay                         0.100    



Id: 8
set_bus_skew -from [get_cells [list {i_pcileech_com/i_fifo_256_32_clk2_comtx/U0/inst_fifo_gen/gconvfifo.rf/grf.rf/gntv_or_sync_fifo.gcx.clkx/rd_pntr_cdc_inst/src_gray_ff_reg[9]} \
          {i_pcileech_com/i_fifo_256_32_clk2_comtx/U0/inst_fifo_gen/gconvfifo.rf/grf.rf/gntv_or_sync_fifo.gcx.clkx/rd_pntr_cdc_inst/src_gray_ff_reg[10]} \
          {i_pcileech_com/i_fifo_256_32_clk2_comtx/U0/inst_fifo_gen/gconvfifo.rf/grf.rf/gntv_or_sync_fifo.gcx.clkx/rd_pntr_cdc_inst/src_gray_ff_reg[11]} \
          {i_pcileech_com/i_fifo_256_32_clk2_comtx/U0/inst_fifo_gen/gconvfifo.rf/grf.rf/gntv_or_sync_fifo.gcx.clkx/rd_pntr_cdc_inst/src_gray_ff_reg[12]} \
          {i_pcileech_com/i_fifo_256_32_clk2_comtx/U0/inst_fifo_gen/gconvfifo.rf/grf.rf/gntv_or_sync_fifo.gcx.clkx/rd_pntr_cdc_inst/src_gray_ff_reg[13]} \
          {i_pcileech_com/i_fifo_256_32_clk2_comtx/U0/inst_fifo_gen/gconvfifo.rf/grf.rf/gntv_or_sync_fifo.gcx.clkx/rd_pntr_cdc_inst/src_gray_ff_reg[14]} \
          {i_pcileech_com/i_fifo_256_32_clk2_comtx/U0/inst_fifo_gen/gconvfifo.rf/grf.rf/gntv_or_sync_fifo.gcx.clkx/rd_pntr_cdc_inst/src_gray_ff_reg[15]} \
          {i_pcileech_com/i_fifo_256_32_clk2_comtx/U0/inst_fifo_gen/gconvfifo.rf/grf.rf/gntv_or_sync_fifo.gcx.clkx/rd_pntr_cdc_inst/src_gray_ff_reg[8]} \
          {i_pcileech_com/i_fifo_256_32_clk2_comtx/U0/inst_fifo_gen/gconvfifo.rf/grf.rf/gntv_or_sync_fifo.gcx.clkx/rd_pntr_cdc_inst/src_gray_ff_reg[7]} \
          {i_pcileech_com/i_fifo_256_32_clk2_comtx/U0/inst_fifo_gen/gconvfifo.rf/grf.rf/gntv_or_sync_fifo.gcx.clkx/rd_pntr_cdc_inst/src_gray_ff_reg[3]} \
          {i_pcileech_com/i_fifo_256_32_clk2_comtx/U0/inst_fifo_gen/gconvfifo.rf/grf.rf/gntv_or_sync_fifo.gcx.clkx/rd_pntr_cdc_inst/src_gray_ff_reg[4]} \
          {i_pcileech_com/i_fifo_256_32_clk2_comtx/U0/inst_fifo_gen/gconvfifo.rf/grf.rf/gntv_or_sync_fifo.gcx.clkx/rd_pntr_cdc_inst/src_gray_ff_reg[5]} \
          {i_pcileech_com/i_fifo_256_32_clk2_comtx/U0/inst_fifo_gen/gconvfifo.rf/grf.rf/gntv_or_sync_fifo.gcx.clkx/rd_pntr_cdc_inst/src_gray_ff_reg[6]}]] -to [get_cells [list {i_pcileech_com/i_fifo_256_32_clk2_comtx/U0/inst_fifo_gen/gconvfifo.rf/grf.rf/gntv_or_sync_fifo.gcx.clkx/rd_pntr_cdc_inst/dest_graysync_ff_reg[0][9]} \
          {i_pcileech_com/i_fifo_256_32_clk2_comtx/U0/inst_fifo_gen/gconvfifo.rf/grf.rf/gntv_or_sync_fifo.gcx.clkx/rd_pntr_cdc_inst/dest_graysync_ff_reg[0][10]} \
          {i_pcileech_com/i_fifo_256_32_clk2_comtx/U0/inst_fifo_gen/gconvfifo.rf/grf.rf/gntv_or_sync_fifo.gcx.clkx/rd_pntr_cdc_inst/dest_graysync_ff_reg[0][11]} \
          {i_pcileech_com/i_fifo_256_32_clk2_comtx/U0/inst_fifo_gen/gconvfifo.rf/grf.rf/gntv_or_sync_fifo.gcx.clkx/rd_pntr_cdc_inst/dest_graysync_ff_reg[0][12]} \
          {i_pcileech_com/i_fifo_256_32_clk2_comtx/U0/inst_fifo_gen/gconvfifo.rf/grf.rf/gntv_or_sync_fifo.gcx.clkx/rd_pntr_cdc_inst/dest_graysync_ff_reg[0][13]} \
          {i_pcileech_com/i_fifo_256_32_clk2_comtx/U0/inst_fifo_gen/gconvfifo.rf/grf.rf/gntv_or_sync_fifo.gcx.clkx/rd_pntr_cdc_inst/dest_graysync_ff_reg[0][14]} \
          {i_pcileech_com/i_fifo_256_32_clk2_comtx/U0/inst_fifo_gen/gconvfifo.rf/grf.rf/gntv_or_sync_fifo.gcx.clkx/rd_pntr_cdc_inst/dest_graysync_ff_reg[0][15]} \
          {i_pcileech_com/i_fifo_256_32_clk2_comtx/U0/inst_fifo_gen/gconvfifo.rf/grf.rf/gntv_or_sync_fifo.gcx.clkx/rd_pntr_cdc_inst/dest_graysync_ff_reg[0][8]} \
          {i_pcileech_com/i_fifo_256_32_clk2_comtx/U0/inst_fifo_gen/gconvfifo.rf/grf.rf/gntv_or_sync_fifo.gcx.clkx/rd_pntr_cdc_inst/dest_graysync_ff_reg[0][7]} \
          {i_pcileech_com/i_fifo_256_32_clk2_comtx/U0/inst_fifo_gen/gconvfifo.rf/grf.rf/gntv_or_sync_fifo.gcx.clkx/rd_pntr_cdc_inst/dest_graysync_ff_reg[0][3]} \
          {i_pcileech_com/i_fifo_256_32_clk2_comtx/U0/inst_fifo_gen/gconvfifo.rf/grf.rf/gntv_or_sync_fifo.gcx.clkx/rd_pntr_cdc_inst/dest_graysync_ff_reg[0][4]} \
          {i_pcileech_com/i_fifo_256_32_clk2_comtx/U0/inst_fifo_gen/gconvfifo.rf/grf.rf/gntv_or_sync_fifo.gcx.clkx/rd_pntr_cdc_inst/dest_graysync_ff_reg[0][5]} \
          {i_pcileech_com/i_fifo_256_32_clk2_comtx/U0/inst_fifo_gen/gconvfifo.rf/grf.rf/gntv_or_sync_fifo.gcx.clkx/rd_pntr_cdc_inst/dest_graysync_ff_reg[0][6]}]] 10.000
Requirement: 10.000ns
Endpoints: 13

From Clock            To Clock              Endpoint Pin                    Reference Pin                   Corner  Actual(ns)  Slack(ns)
--------------------  --------------------  ------------------------------  ------------------------------  ------  ----------  ---------
net_ft601_clk         net_clk               i_pcileech_com/i_fifo_256_32_clk2_comtx/U0/inst_fifo_gen/gconvfifo.rf/grf.rf/gntv_or_sync_fifo.gcx.clkx/rd_pntr_cdc_inst/dest_graysync_ff_reg[0][11]/D
                                                                            i_pcileech_com/i_fifo_256_32_clk2_comtx/U0/inst_fifo_gen/gconvfifo.rf/grf.rf/gntv_or_sync_fifo.gcx.clkx/rd_pntr_cdc_inst/dest_graysync_ff_reg[0][6]/D
                                                                                                            Slow         0.795      9.205


Slack (MET) :             9.205ns  (requirement - actual skew)
  Endpoint Source:        <hidden>
                            (rising edge-triggered cell FDRE clocked by net_ft601_clk)
  Endpoint Destination:   <hidden>
                            (rising edge-triggered cell FDRE clocked by net_clk)
  Reference Source:       <hidden>
                            (rising edge-triggered cell FDRE clocked by net_ft601_clk)
  Reference Destination:  <hidden>
                            (rising edge-triggered cell FDRE clocked by net_clk)
  Path Type:              Bus Skew (Max at Slow Process Corner)
  Requirement:            10.000ns
  Endpoint Relative Delay:    1.366ns
  Reference Relative Delay:   0.101ns
  Relative CRPR:              0.470ns
  Actual Bus Skew:            0.795ns  (Endpoint Relative Delay - Reference Relative Delay - Relative CRPR)

Endpoint path:
    Location             Delay type                Incr(ns)  Path(ns)    Netlist Resource(s)
  -------------------------------------------------------------------    -------------------
                         (clock net_ft601_clk rise edge)
                                                      0.000     0.000 r  
    K18                                               0.000     0.000 r  ft601_clk (IN)
                         net (fo=0)                   0.000     0.000    ft601_clk
    K18                  IBUF (Prop_ibuf_I_O)         1.419     1.419 r  ft601_clk_IBUF_inst/O
                         net (fo=1, routed)           1.709     3.128    ft601_clk_IBUF
    BUFGCTRL_X0Y17       BUFG (Prop_bufg_I_O)         0.081     3.209 r  ft601_clk_IBUF_BUFG_inst/O
                         net (fo=769, routed)         1.380     4.589    <hidden>
    SLICE_X46Y94         FDRE                                         r  <hidden>
  -------------------------------------------------------------------    -------------------
    SLICE_X46Y94         FDRE (Prop_fdre_C_Q)         0.398     4.987 r  <hidden>
                         net (fo=1, routed)           0.497     5.484    <hidden>
    SLICE_X37Y94         FDRE                                         r  <hidden>
  -------------------------------------------------------------------    -------------------

                         (clock net_clk rise edge)    0.000     0.000 r  
    J19                                               0.000     0.000 r  clk (IN)
                         net (fo=0)                   0.000     0.000    clk
    J19                  IBUF (Prop_ibuf_I_O)         1.350     1.350 r  clk_IBUF_inst/O
                         net (fo=1, routed)           1.620     2.970    clk_IBUF
    BUFGCTRL_X0Y16       BUFG (Prop_bufg_I_O)         0.077     3.047 r  clk_IBUF_BUFG_inst/O
                         net (fo=3727, routed)        1.273     4.320    <hidden>
    SLICE_X37Y94         FDRE                                         r  <hidden>
                         clock pessimism              0.000     4.320    
    SLICE_X37Y94         FDRE (Setup_fdre_C_D)       -0.202     4.118    <hidden>
  -------------------------------------------------------------------
                         data arrival                           5.484    
                         clock arrival                          4.118    
  -------------------------------------------------------------------
                         relative delay                         1.366    

Reference path:
    Location             Delay type                Incr(ns)  Path(ns)    Netlist Resource(s)
  -------------------------------------------------------------------    -------------------
                         (clock net_ft601_clk rise edge)
                                                      0.000     0.000 r  
    K18                                               0.000     0.000 r  ft601_clk (IN)
                         net (fo=0)                   0.000     0.000    ft601_clk
    K18                  IBUF (Prop_ibuf_I_O)         1.353     1.353 r  ft601_clk_IBUF_inst/O
                         net (fo=1, routed)           1.620     2.974    ft601_clk_IBUF
    BUFGCTRL_X0Y17       BUFG (Prop_bufg_I_O)         0.077     3.051 r  ft601_clk_IBUF_BUFG_inst/O
                         net (fo=769, routed)         1.266     4.316    <hidden>
    SLICE_X49Y94         FDRE                                         r  <hidden>
  -------------------------------------------------------------------    -------------------
    SLICE_X49Y94         FDRE (Prop_fdre_C_Q)         0.304     4.620 r  <hidden>
                         net (fo=1, routed)           0.206     4.826    <hidden>
    SLICE_X44Y94         FDRE                                         r  <hidden>
  -------------------------------------------------------------------    -------------------

                         (clock net_clk rise edge)    0.000     0.000 r  
    J19                                               0.000     0.000 r  clk (IN)
                         net (fo=0)                   0.000     0.000    clk
    J19                  IBUF (Prop_ibuf_I_O)         1.416     1.416 r  clk_IBUF_inst/O
                         net (fo=1, routed)           1.709     3.124    clk_IBUF
    BUFGCTRL_X0Y16       BUFG (Prop_bufg_I_O)         0.081     3.205 r  clk_IBUF_BUFG_inst/O
                         net (fo=3727, routed)        1.382     4.587    <hidden>
    SLICE_X44Y94         FDRE                                         r  <hidden>
                         clock pessimism              0.000     4.587    
    SLICE_X44Y94         FDRE (Hold_fdre_C_D)         0.138     4.725    <hidden>
  -------------------------------------------------------------------
                         data arrival                           4.826    
                         clock arrival                          4.725    
  -------------------------------------------------------------------
                         relative delay                         0.101    



Id: 9
set_bus_skew -from [get_cells [list {i_pcileech_pcie_a7/i_pcileech_pcie_cfg_a7/i_fifo_pcie_cfg_rx/U0/inst_fifo_gen/gconvfifo.rf/grf.rf/gntv_or_sync_fifo.gcx.clkx/rd_pntr_cdc_inst/src_gray_ff_reg[0]} {i_pcileech_pcie_a7/i_pcileech_pcie_cfg_a7/i_fifo_pcie_cfg_rx/U0/inst_fifo_gen/gconvfifo.rf/grf.rf/gntv_or_sync_fifo.gcx.clkx/rd_pntr_cdc_inst/src_gray_ff_reg[1]} {i_pcileech_pcie_a7/i_pcileech_pcie_cfg_a7/i_fifo_pcie_cfg_rx/U0/inst_fifo_gen/gconvfifo.rf/grf.rf/gntv_or_sync_fifo.gcx.clkx/rd_pntr_cdc_inst/src_gray_ff_reg[2]} {i_pcileech_pcie_a7/i_pcileech_pcie_cfg_a7/i_fifo_pcie_cfg_rx/U0/inst_fifo_gen/gconvfifo.rf/grf.rf/gntv_or_sync_fifo.gcx.clkx/rd_pntr_cdc_inst/src_gray_ff_reg[3]} {i_pcileech_pcie_a7/i_pcileech_pcie_cfg_a7/i_fifo_pcie_cfg_rx/U0/inst_fifo_gen/gconvfifo.rf/grf.rf/gntv_or_sync_fifo.gcx.clkx/rd_pntr_cdc_inst/src_gray_ff_reg[4]} {i_pcileech_pcie_a7/i_pcileech_pcie_cfg_a7/i_fifo_pcie_cfg_rx/U0/inst_fifo_gen/gconvfifo.rf/grf.rf/gntv_or_sync_fifo.gcx.clkx/rd_pntr_cdc_inst/src_gray_ff_reg[5]} {i_pcileech_pcie_a7/i_pcileech_pcie_cfg_a7/i_fifo_pcie_cfg_rx/U0/inst_fifo_gen/gconvfifo.rf/grf.rf/gntv_or_sync_fifo.gcx.clkx/rd_pntr_cdc_inst/src_gray_ff_reg[6]} {i_pcileech_pcie_a7/i_pcileech_pcie_cfg_a7/i_fifo_pcie_cfg_rx/U0/inst_fifo_gen/gconvfifo.rf/grf.rf/gntv_or_sync_fifo.gcx.clkx/rd_pntr_cdc_inst/src_gray_ff_reg[7]} {i_pcileech_pcie_a7/i_pcileech_pcie_cfg_a7/i_fifo_pcie_cfg_rx/U0/inst_fifo_gen/gconvfifo.rf/grf.rf/gntv_or_sync_fifo.gcx.clkx/rd_pntr_cdc_inst/src_gray_ff_reg[8]}]] -to [get_cells [list {i_pcileech_pcie_a7/i_pcileech_pcie_cfg_a7/i_fifo_pcie_cfg_rx/U0/inst_fifo_gen/gconvfifo.rf/grf.rf/gntv_or_sync_fifo.gcx.clkx/rd_pntr_cdc_inst/dest_graysync_ff_reg[0][0]} {i_pcileech_pcie_a7/i_pcileech_pcie_cfg_a7/i_fifo_pcie_cfg_rx/U0/inst_fifo_gen/gconvfifo.rf/grf.rf/gntv_or_sync_fifo.gcx.clkx/rd_pntr_cdc_inst/dest_graysync_ff_reg[0][1]} {i_pcileech_pcie_a7/i_pcileech_pcie_cfg_a7/i_fifo_pcie_cfg_rx/U0/inst_fifo_gen/gconvfifo.rf/grf.rf/gntv_or_sync_fifo.gcx.clkx/rd_pntr_cdc_inst/dest_graysync_ff_reg[0][2]} {i_pcileech_pcie_a7/i_pcileech_pcie_cfg_a7/i_fifo_pcie_cfg_rx/U0/inst_fifo_gen/gconvfifo.rf/grf.rf/gntv_or_sync_fifo.gcx.clkx/rd_pntr_cdc_inst/dest_graysync_ff_reg[0][3]} {i_pcileech_pcie_a7/i_pcileech_pcie_cfg_a7/i_fifo_pcie_cfg_rx/U0/inst_fifo_gen/gconvfifo.rf/grf.rf/gntv_or_sync_fifo.gcx.clkx/rd_pntr_cdc_inst/dest_graysync_ff_reg[0][4]} {i_pcileech_pcie_a7/i_pcileech_pcie_cfg_a7/i_fifo_pcie_cfg_rx/U0/inst_fifo_gen/gconvfifo.rf/grf.rf/gntv_or_sync_fifo.gcx.clkx/rd_pntr_cdc_inst/dest_graysync_ff_reg[0][5]} {i_pcileech_pcie_a7/i_pcileech_pcie_cfg_a7/i_fifo_pcie_cfg_rx/U0/inst_fifo_gen/gconvfifo.rf/grf.rf/gntv_or_sync_fifo.gcx.clkx/rd_pntr_cdc_inst/dest_graysync_ff_reg[0][6]} {i_pcileech_pcie_a7/i_pcileech_pcie_cfg_a7/i_fifo_pcie_cfg_rx/U0/inst_fifo_gen/gconvfifo.rf/grf.rf/gntv_or_sync_fifo.gcx.clkx/rd_pntr_cdc_inst/dest_graysync_ff_reg[0][7]} {i_pcileech_pcie_a7/i_pcileech_pcie_cfg_a7/i_fifo_pcie_cfg_rx/U0/inst_fifo_gen/gconvfifo.rf/grf.rf/gntv_or_sync_fifo.gcx.clkx/rd_pntr_cdc_inst/dest_graysync_ff_reg[0][8]}]] 10.000
Requirement: 10.000ns
Endpoints: 9

From Clock            To Clock              Endpoint Pin                    Reference Pin                   Corner  Actual(ns)  Slack(ns)
--------------------  --------------------  ------------------------------  ------------------------------  ------  ----------  ---------
net_clk               userclk1              i_pcileech_pcie_a7/i_pcileech_pcie_cfg_a7/i_fifo_pcie_cfg_rx/U0/inst_fifo_gen/gconvfifo.rf/grf.rf/gntv_or_sync_fifo.gcx.clkx/rd_pntr_cdc_inst/dest_graysync_ff_reg[0][3]/D
                                                                            i_pcileech_pcie_a7/i_pcileech_pcie_cfg_a7/i_fifo_pcie_cfg_rx/U0/inst_fifo_gen/gconvfifo.rf/grf.rf/gntv_or_sync_fifo.gcx.clkx/rd_pntr_cdc_inst/dest_graysync_ff_reg[0][4]/D
                                                                                                            Slow         0.765      9.235


Slack (MET) :             9.235ns  (requirement - actual skew)
  Endpoint Source:        <hidden>
                            (rising edge-triggered cell FDRE clocked by net_clk)
  Endpoint Destination:   <hidden>
                            (rising edge-triggered cell FDRE clocked by userclk1)
  Reference Source:       <hidden>
                            (rising edge-triggered cell FDRE clocked by net_clk)
  Reference Destination:  <hidden>
                            (rising edge-triggered cell FDRE clocked by userclk1)
  Path Type:              Bus Skew (Max at Slow Process Corner)
  Requirement:            10.000ns
  Endpoint Relative Delay:    0.272ns
  Reference Relative Delay:  -1.025ns
  Relative CRPR:              0.533ns
  Actual Bus Skew:            0.765ns  (Endpoint Relative Delay - Reference Relative Delay - Relative CRPR)

Endpoint path:
    Location             Delay type                Incr(ns)  Path(ns)    Netlist Resource(s)
  -------------------------------------------------------------------    -------------------
                         (clock net_clk rise edge)    0.000     0.000 r  
    J19                                               0.000     0.000 r  clk (IN)
                         net (fo=0)                   0.000     0.000    clk
    J19                  IBUF (Prop_ibuf_I_O)         1.416     1.416 r  clk_IBUF_inst/O
                         net (fo=1, routed)           1.709     3.124    clk_IBUF
    BUFGCTRL_X0Y16       BUFG (Prop_bufg_I_O)         0.081     3.205 r  clk_IBUF_BUFG_inst/O
                         net (fo=3727, routed)        1.353     4.559    <hidden>
    SLICE_X70Y115        FDRE                                         r  <hidden>
  -------------------------------------------------------------------    -------------------
    SLICE_X70Y115        FDRE (Prop_fdre_C_Q)         0.398     4.957 r  <hidden>
                         net (fo=1, routed)           0.460     5.417    <hidden>
    SLICE_X69Y117        FDRE                                         r  <hidden>
  -------------------------------------------------------------------    -------------------

                         (clock userclk1 rise edge)
                                                      0.000     0.000 r  
    GTPE2_CHANNEL_X0Y7   GTPE2_CHANNEL                0.000     0.000 r  i_pcileech_pcie_a7/i_pcie_7x_0/inst/inst/gt_top_i/pipe_wrapper_i/pipe_lane[0].gt_wrapper_i/gtp_channel.gtpe2_channel_i/TXOUTCLK
                         net (fo=1, routed)           1.199     1.199    i_pcileech_pcie_a7/i_pcie_7x_0/inst/inst/gt_top_i/pipe_wrapper_i/pipe_clock_int.pipe_clock_i/txoutclk_i.txoutclk_i_0
    BUFGCTRL_X0Y19       BUFG (Prop_bufg_I_O)         0.077     1.276 r  i_pcileech_pcie_a7/i_pcie_7x_0/inst/inst/gt_top_i/pipe_wrapper_i/pipe_clock_int.pipe_clock_i/txoutclk_i.txoutclk_i/O
                         net (fo=1, routed)           1.302     2.578    i_pcileech_pcie_a7/i_pcie_7x_0/inst/inst/gt_top_i/pipe_wrapper_i/pipe_clock_int.pipe_clock_i/refclk
    MMCME2_ADV_X0Y1      MMCME2_ADV (Prop_mmcme2_adv_CLKIN1_CLKOUT2)
                                                      0.073     2.651 r  i_pcileech_pcie_a7/i_pcie_7x_0/inst/inst/gt_top_i/pipe_wrapper_i/pipe_clock_int.pipe_clock_i/mmcm_i/CLKOUT2
                         net (fo=1, routed)           1.374     4.024    i_pcileech_pcie_a7/i_pcie_7x_0/inst/inst/gt_top_i/pipe_wrapper_i/pipe_clock_int.pipe_clock_i/userclk1
    BUFGCTRL_X0Y0        BUFG (Prop_bufg_I_O)         0.077     4.102 r  i_pcileech_pcie_a7/i_pcie_7x_0/inst/inst/gt_top_i/pipe_wrapper_i/pipe_clock_int.pipe_clock_i/userclk1_i1.usrclk1_i1/O
                         net (fo=3883, routed)        1.246     5.348    <hidden>
    SLICE_X69Y117        FDRE                                         r  <hidden>
                         clock pessimism              0.000     5.348    
    SLICE_X69Y117        FDRE (Setup_fdre_C_D)       -0.203     5.145    <hidden>
  -------------------------------------------------------------------
                         data arrival                           5.417    
                         clock arrival                          5.145    
  -------------------------------------------------------------------
                         relative delay                         0.272    

Reference path:
    Location             Delay type                Incr(ns)  Path(ns)    Netlist Resource(s)
  -------------------------------------------------------------------    -------------------
                         (clock net_clk rise edge)    0.000     0.000 r  
    J19                                               0.000     0.000 r  clk (IN)
                         net (fo=0)                   0.000     0.000    clk
    J19                  IBUF (Prop_ibuf_I_O)         1.350     1.350 r  clk_IBUF_inst/O
                         net (fo=1, routed)           1.620     2.970    clk_IBUF
    BUFGCTRL_X0Y16       BUFG (Prop_bufg_I_O)         0.077     3.047 r  clk_IBUF_BUFG_inst/O
                         net (fo=3727, routed)        1.242     4.289    <hidden>
    SLICE_X63Y116        FDRE                                         r  <hidden>
  -------------------------------------------------------------------    -------------------
    SLICE_X63Y116        FDRE (Prop_fdre_C_Q)         0.304     4.593 r  <hidden>
                         net (fo=1, routed)           0.216     4.809    <hidden>
    SLICE_X64Y116        FDRE                                         r  <hidden>
  -------------------------------------------------------------------    -------------------

                         (clock userclk1 rise edge)
                                                      0.000     0.000 r  
    GTPE2_CHANNEL_X0Y7   GTPE2_CHANNEL                0.000     0.000 r  i_pcileech_pcie_a7/i_pcie_7x_0/inst/inst/gt_top_i/pipe_wrapper_i/pipe_lane[0].gt_wrapper_i/gtp_channel.gtpe2_channel_i/TXOUTCLK
                         net (fo=1, routed)           1.257     1.257    i_pcileech_pcie_a7/i_pcie_7x_0/inst/inst/gt_top_i/pipe_wrapper_i/pipe_clock_int.pipe_clock_i/txoutclk_i.txoutclk_i_0
    BUFGCTRL_X0Y19       BUFG (Prop_bufg_I_O)         0.081     1.338 r  i_pcileech_pcie_a7/i_pcie_7x_0/inst/inst/gt_top_i/pipe_wrapper_i/pipe_clock_int.pipe_clock_i/txoutclk_i.txoutclk_i/O
                         net (fo=1, routed)           1.408     2.745    i_pcileech_pcie_a7/i_pcie_7x_0/inst/inst/gt_top_i/pipe_wrapper_i/pipe_clock_int.pipe_clock_i/refclk
    MMCME2_ADV_X0Y1      MMCME2_ADV (Prop_mmcme2_adv_CLKIN1_CLKOUT2)
                                                      0.077     2.822 r  i_pcileech_pcie_a7/i_pcie_7x_0/inst/inst/gt_top_i/pipe_wrapper_i/pipe_clock_int.pipe_clock_i/mmcm_i/CLKOUT2
                         net (fo=1, routed)           1.441     4.263    i_pcileech_pcie_a7/i_pcie_7x_0/inst/inst/gt_top_i/pipe_wrapper_i/pipe_clock_int.pipe_clock_i/userclk1
    BUFGCTRL_X0Y0        BUFG (Prop_bufg_I_O)         0.081     4.344 r  i_pcileech_pcie_a7/i_pcie_7x_0/inst/inst/gt_top_i/pipe_wrapper_i/pipe_clock_int.pipe_clock_i/userclk1_i1.usrclk1_i1/O
                         net (fo=3883, routed)        1.354     5.698    <hidden>
    SLICE_X64Y116        FDRE                                         r  <hidden>
                         clock pessimism              0.000     5.698    
    SLICE_X64Y116        FDRE (Hold_fdre_C_D)         0.136     5.834    <hidden>
  -------------------------------------------------------------------
                         data arrival                           4.809    
                         clock arrival                          5.834    
  -------------------------------------------------------------------
                         relative delay                        -1.025    



Id: 10
set_bus_skew -from [get_cells [list {i_pcileech_pcie_a7/i_pcileech_pcie_cfg_a7/i_fifo_pcie_cfg_rx/U0/inst_fifo_gen/gconvfifo.rf/grf.rf/gntv_or_sync_fifo.gcx.clkx/wr_pntr_cdc_inst/src_gray_ff_reg[0]} {i_pcileech_pcie_a7/i_pcileech_pcie_cfg_a7/i_fifo_pcie_cfg_rx/U0/inst_fifo_gen/gconvfifo.rf/grf.rf/gntv_or_sync_fifo.gcx.clkx/wr_pntr_cdc_inst/src_gray_ff_reg[1]} {i_pcileech_pcie_a7/i_pcileech_pcie_cfg_a7/i_fifo_pcie_cfg_rx/U0/inst_fifo_gen/gconvfifo.rf/grf.rf/gntv_or_sync_fifo.gcx.clkx/wr_pntr_cdc_inst/src_gray_ff_reg[2]} {i_pcileech_pcie_a7/i_pcileech_pcie_cfg_a7/i_fifo_pcie_cfg_rx/U0/inst_fifo_gen/gconvfifo.rf/grf.rf/gntv_or_sync_fifo.gcx.clkx/wr_pntr_cdc_inst/src_gray_ff_reg[3]} {i_pcileech_pcie_a7/i_pcileech_pcie_cfg_a7/i_fifo_pcie_cfg_rx/U0/inst_fifo_gen/gconvfifo.rf/grf.rf/gntv_or_sync_fifo.gcx.clkx/wr_pntr_cdc_inst/src_gray_ff_reg[4]} {i_pcileech_pcie_a7/i_pcileech_pcie_cfg_a7/i_fifo_pcie_cfg_rx/U0/inst_fifo_gen/gconvfifo.rf/grf.rf/gntv_or_sync_fifo.gcx.clkx/wr_pntr_cdc_inst/src_gray_ff_reg[5]} {i_pcileech_pcie_a7/i_pcileech_pcie_cfg_a7/i_fifo_pcie_cfg_rx/U0/inst_fifo_gen/gconvfifo.rf/grf.rf/gntv_or_sync_fifo.gcx.clkx/wr_pntr_cdc_inst/src_gray_ff_reg[6]} {i_pcileech_pcie_a7/i_pcileech_pcie_cfg_a7/i_fifo_pcie_cfg_rx/U0/inst_fifo_gen/gconvfifo.rf/grf.rf/gntv_or_sync_fifo.gcx.clkx/wr_pntr_cdc_inst/src_gray_ff_reg[7]} {i_pcileech_pcie_a7/i_pcileech_pcie_cfg_a7/i_fifo_pcie_cfg_rx/U0/inst_fifo_gen/gconvfifo.rf/grf.rf/gntv_or_sync_fifo.gcx.clkx/wr_pntr_cdc_inst/src_gray_ff_reg[8]}]] -to [get_cells [list {i_pcileech_pcie_a7/i_pcileech_pcie_cfg_a7/i_fifo_pcie_cfg_rx/U0/inst_fifo_gen/gconvfifo.rf/grf.rf/gntv_or_sync_fifo.gcx.clkx/wr_pntr_cdc_inst/dest_graysync_ff_reg[0][0]} {i_pcileech_pcie_a7/i_pcileech_pcie_cfg_a7/i_fifo_pcie_cfg_rx/U0/inst_fifo_gen/gconvfifo.rf/grf.rf/gntv_or_sync_fifo.gcx.clkx/wr_pntr_cdc_inst/dest_graysync_ff_reg[0][1]} {i_pcileech_pcie_a7/i_pcileech_pcie_cfg_a7/i_fifo_pcie_cfg_rx/U0/inst_fifo_gen/gconvfifo.rf/grf.rf/gntv_or_sync_fifo.gcx.clkx/wr_pntr_cdc_inst/dest_graysync_ff_reg[0][2]} {i_pcileech_pcie_a7/i_pcileech_pcie_cfg_a7/i_fifo_pcie_cfg_rx/U0/inst_fifo_gen/gconvfifo.rf/grf.rf/gntv_or_sync_fifo.gcx.clkx/wr_pntr_cdc_inst/dest_graysync_ff_reg[0][3]} {i_pcileech_pcie_a7/i_pcileech_pcie_cfg_a7/i_fifo_pcie_cfg_rx/U0/inst_fifo_gen/gconvfifo.rf/grf.rf/gntv_or_sync_fifo.gcx.clkx/wr_pntr_cdc_inst/dest_graysync_ff_reg[0][4]} {i_pcileech_pcie_a7/i_pcileech_pcie_cfg_a7/i_fifo_pcie_cfg_rx/U0/inst_fifo_gen/gconvfifo.rf/grf.rf/gntv_or_sync_fifo.gcx.clkx/wr_pntr_cdc_inst/dest_graysync_ff_reg[0][5]} {i_pcileech_pcie_a7/i_pcileech_pcie_cfg_a7/i_fifo_pcie_cfg_rx/U0/inst_fifo_gen/gconvfifo.rf/grf.rf/gntv_or_sync_fifo.gcx.clkx/wr_pntr_cdc_inst/dest_graysync_ff_reg[0][6]} {i_pcileech_pcie_a7/i_pcileech_pcie_cfg_a7/i_fifo_pcie_cfg_rx/U0/inst_fifo_gen/gconvfifo.rf/grf.rf/gntv_or_sync_fifo.gcx.clkx/wr_pntr_cdc_inst/dest_graysync_ff_reg[0][7]} {i_pcileech_pcie_a7/i_pcileech_pcie_cfg_a7/i_fifo_pcie_cfg_rx/U0/inst_fifo_gen/gconvfifo.rf/grf.rf/gntv_or_sync_fifo.gcx.clkx/wr_pntr_cdc_inst/dest_graysync_ff_reg[0][8]}]] 10.000
Requirement: 10.000ns
Endpoints: 9

From Clock            To Clock              Endpoint Pin                    Reference Pin                   Corner  Actual(ns)  Slack(ns)
--------------------  --------------------  ------------------------------  ------------------------------  ------  ----------  ---------
userclk1              net_clk               i_pcileech_pcie_a7/i_pcileech_pcie_cfg_a7/i_fifo_pcie_cfg_rx/U0/inst_fifo_gen/gconvfifo.rf/grf.rf/gntv_or_sync_fifo.gcx.clkx/wr_pntr_cdc_inst/dest_graysync_ff_reg[0][1]/D
                                                                            i_pcileech_pcie_a7/i_pcileech_pcie_cfg_a7/i_fifo_pcie_cfg_rx/U0/inst_fifo_gen/gconvfifo.rf/grf.rf/gntv_or_sync_fifo.gcx.clkx/wr_pntr_cdc_inst/dest_graysync_ff_reg[0][2]/D
                                                                                                            Slow         0.716      9.284


Slack (MET) :             9.284ns  (requirement - actual skew)
  Endpoint Source:        <hidden>
                            (rising edge-triggered cell FDRE clocked by userclk1)
  Endpoint Destination:   <hidden>
                            (rising edge-triggered cell FDRE clocked by net_clk)
  Reference Source:       <hidden>
                            (rising edge-triggered cell FDRE clocked by userclk1)
  Reference Destination:  <hidden>
                            (rising edge-triggered cell FDRE clocked by net_clk)
  Path Type:              Bus Skew (Max at Slow Process Corner)
  Requirement:            10.000ns
  Endpoint Relative Delay:    2.503ns
  Reference Relative Delay:   1.191ns
  Relative CRPR:              0.596ns
  Actual Bus Skew:            0.716ns  (Endpoint Relative Delay - Reference Relative Delay - Relative CRPR)

Endpoint path:
    Location             Delay type                Incr(ns)  Path(ns)    Netlist Resource(s)
  -------------------------------------------------------------------    -------------------
                         (clock userclk1 rise edge)
                                                      0.000     0.000 r  
    GTPE2_CHANNEL_X0Y7   GTPE2_CHANNEL                0.000     0.000 r  i_pcileech_pcie_a7/i_pcie_7x_0/inst/inst/gt_top_i/pipe_wrapper_i/pipe_lane[0].gt_wrapper_i/gtp_channel.gtpe2_channel_i/TXOUTCLK
                         net (fo=1, routed)           1.257     1.257    i_pcileech_pcie_a7/i_pcie_7x_0/inst/inst/gt_top_i/pipe_wrapper_i/pipe_clock_int.pipe_clock_i/txoutclk_i.txoutclk_i_0
    BUFGCTRL_X0Y19       BUFG (Prop_bufg_I_O)         0.081     1.338 r  i_pcileech_pcie_a7/i_pcie_7x_0/inst/inst/gt_top_i/pipe_wrapper_i/pipe_clock_int.pipe_clock_i/txoutclk_i.txoutclk_i/O
                         net (fo=1, routed)           1.408     2.745    i_pcileech_pcie_a7/i_pcie_7x_0/inst/inst/gt_top_i/pipe_wrapper_i/pipe_clock_int.pipe_clock_i/refclk
    MMCME2_ADV_X0Y1      MMCME2_ADV (Prop_mmcme2_adv_CLKIN1_CLKOUT2)
                                                      0.077     2.822 r  i_pcileech_pcie_a7/i_pcie_7x_0/inst/inst/gt_top_i/pipe_wrapper_i/pipe_clock_int.pipe_clock_i/mmcm_i/CLKOUT2
                         net (fo=1, routed)           1.441     4.263    i_pcileech_pcie_a7/i_pcie_7x_0/inst/inst/gt_top_i/pipe_wrapper_i/pipe_clock_int.pipe_clock_i/userclk1
    BUFGCTRL_X0Y0        BUFG (Prop_bufg_I_O)         0.081     4.344 r  i_pcileech_pcie_a7/i_pcie_7x_0/inst/inst/gt_top_i/pipe_wrapper_i/pipe_clock_int.pipe_clock_i/userclk1_i1.usrclk1_i1/O
                         net (fo=3883, routed)        1.354     5.698    <hidden>
    SLICE_X66Y116        FDRE                                         r  <hidden>
  -------------------------------------------------------------------    -------------------
    SLICE_X66Y116        FDRE (Prop_fdre_C_Q)         0.398     6.096 r  <hidden>
                         net (fo=1, routed)           0.492     6.589    <hidden>
    SLICE_X67Y116        FDRE                                         r  <hidden>
  -------------------------------------------------------------------    -------------------

                         (clock net_clk rise edge)    0.000     0.000 r  
    J19                                               0.000     0.000 r  clk (IN)
                         net (fo=0)                   0.000     0.000    clk
    J19                  IBUF (Prop_ibuf_I_O)         1.350     1.350 r  clk_IBUF_inst/O
                         net (fo=1, routed)           1.620     2.970    clk_IBUF
    BUFGCTRL_X0Y16       BUFG (Prop_bufg_I_O)         0.077     3.047 r  clk_IBUF_BUFG_inst/O
                         net (fo=3727, routed)        1.242     4.289    <hidden>
    SLICE_X67Y116        FDRE                                         r  <hidden>
                         clock pessimism              0.000     4.289    
    SLICE_X67Y116        FDRE (Setup_fdre_C_D)       -0.203     4.086    <hidden>
  -------------------------------------------------------------------
                         data arrival                           6.589    
                         clock arrival                          4.086    
  -------------------------------------------------------------------
                         relative delay                         2.503    

Reference path:
    Location             Delay type                Incr(ns)  Path(ns)    Netlist Resource(s)
  -------------------------------------------------------------------    -------------------
                         (clock userclk1 rise edge)
                                                      0.000     0.000 r  
    GTPE2_CHANNEL_X0Y7   GTPE2_CHANNEL                0.000     0.000 r  i_pcileech_pcie_a7/i_pcie_7x_0/inst/inst/gt_top_i/pipe_wrapper_i/pipe_lane[0].gt_wrapper_i/gtp_channel.gtpe2_channel_i/TXOUTCLK
                         net (fo=1, routed)           1.199     1.199    i_pcileech_pcie_a7/i_pcie_7x_0/inst/inst/gt_top_i/pipe_wrapper_i/pipe_clock_int.pipe_clock_i/txoutclk_i.txoutclk_i_0
    BUFGCTRL_X0Y19       BUFG (Prop_bufg_I_O)         0.077     1.276 r  i_pcileech_pcie_a7/i_pcie_7x_0/inst/inst/gt_top_i/pipe_wrapper_i/pipe_clock_int.pipe_clock_i/txoutclk_i.txoutclk_i/O
                         net (fo=1, routed)           1.302     2.578    i_pcileech_pcie_a7/i_pcie_7x_0/inst/inst/gt_top_i/pipe_wrapper_i/pipe_clock_int.pipe_clock_i/refclk
    MMCME2_ADV_X0Y1      MMCME2_ADV (Prop_mmcme2_adv_CLKIN1_CLKOUT2)
                                                      0.073     2.651 r  i_pcileech_pcie_a7/i_pcie_7x_0/inst/inst/gt_top_i/pipe_wrapper_i/pipe_clock_int.pipe_clock_i/mmcm_i/CLKOUT2
                         net (fo=1, routed)           1.374     4.024    i_pcileech_pcie_a7/i_pcie_7x_0/inst/inst/gt_top_i/pipe_wrapper_i/pipe_clock_int.pipe_clock_i/userclk1
    BUFGCTRL_X0Y0        BUFG (Prop_bufg_I_O)         0.077     4.102 r  i_pcileech_pcie_a7/i_pcie_7x_0/inst/inst/gt_top_i/pipe_wrapper_i/pipe_clock_int.pipe_clock_i/userclk1_i1.usrclk1_i1/O
                         net (fo=3883, routed)        1.244     5.346    <hidden>
    SLICE_X66Y116        FDRE                                         r  <hidden>
  -------------------------------------------------------------------    -------------------
    SLICE_X66Y116        FDRE (Prop_fdre_C_Q)         0.347     5.693 r  <hidden>
                         net (fo=1, routed)           0.191     5.883    <hidden>
    SLICE_X67Y117        FDRE                                         r  <hidden>
  -------------------------------------------------------------------    -------------------

                         (clock net_clk rise edge)    0.000     0.000 r  
    J19                                               0.000     0.000 r  clk (IN)
                         net (fo=0)                   0.000     0.000    clk
    J19                  IBUF (Prop_ibuf_I_O)         1.416     1.416 r  clk_IBUF_inst/O
                         net (fo=1, routed)           1.709     3.124    clk_IBUF
    BUFGCTRL_X0Y16       BUFG (Prop_bufg_I_O)         0.081     3.205 r  clk_IBUF_BUFG_inst/O
                         net (fo=3727, routed)        1.350     4.556    <hidden>
    SLICE_X67Y117        FDRE                                         r  <hidden>
                         clock pessimism              0.000     4.556    
    SLICE_X67Y117        FDRE (Hold_fdre_C_D)         0.136     4.692    <hidden>
  -------------------------------------------------------------------
                         data arrival                           5.883    
                         clock arrival                          4.692    
  -------------------------------------------------------------------
                         relative delay                         1.191    



Id: 11
set_bus_skew -from [get_cells [list {i_pcileech_pcie_a7/i_pcileech_pcie_tlp_a7/i_pcileech_tlps128_cfgspace_shadow/i_fifo_43_43_clk2/U0/inst_fifo_gen/gconvfifo.rf/grf.rf/gntv_or_sync_fifo.gcx.clkx/rd_pntr_cdc_inst/src_gray_ff_reg[0]} {i_pcileech_pcie_a7/i_pcileech_pcie_tlp_a7/i_pcileech_tlps128_cfgspace_shadow/i_fifo_43_43_clk2/U0/inst_fifo_gen/gconvfifo.rf/grf.rf/gntv_or_sync_fifo.gcx.clkx/rd_pntr_cdc_inst/src_gray_ff_reg[1]} {i_pcileech_pcie_a7/i_pcileech_pcie_tlp_a7/i_pcileech_tlps128_cfgspace_shadow/i_fifo_43_43_clk2/U0/inst_fifo_gen/gconvfifo.rf/grf.rf/gntv_or_sync_fifo.gcx.clkx/rd_pntr_cdc_inst/src_gray_ff_reg[2]} {i_pcileech_pcie_a7/i_pcileech_pcie_tlp_a7/i_pcileech_tlps128_cfgspace_shadow/i_fifo_43_43_clk2/U0/inst_fifo_gen/gconvfifo.rf/grf.rf/gntv_or_sync_fifo.gcx.clkx/rd_pntr_cdc_inst/src_gray_ff_reg[3]}]] -to [get_cells [list {i_pcileech_pcie_a7/i_pcileech_pcie_tlp_a7/i_pcileech_tlps128_cfgspace_shadow/i_fifo_43_43_clk2/U0/inst_fifo_gen/gconvfifo.rf/grf.rf/gntv_or_sync_fifo.gcx.clkx/rd_pntr_cdc_inst/dest_graysync_ff_reg[0][0]} {i_pcileech_pcie_a7/i_pcileech_pcie_tlp_a7/i_pcileech_tlps128_cfgspace_shadow/i_fifo_43_43_clk2/U0/inst_fifo_gen/gconvfifo.rf/grf.rf/gntv_or_sync_fifo.gcx.clkx/rd_pntr_cdc_inst/dest_graysync_ff_reg[0][1]} {i_pcileech_pcie_a7/i_pcileech_pcie_tlp_a7/i_pcileech_tlps128_cfgspace_shadow/i_fifo_43_43_clk2/U0/inst_fifo_gen/gconvfifo.rf/grf.rf/gntv_or_sync_fifo.gcx.clkx/rd_pntr_cdc_inst/dest_graysync_ff_reg[0][2]} {i_pcileech_pcie_a7/i_pcileech_pcie_tlp_a7/i_pcileech_tlps128_cfgspace_shadow/i_fifo_43_43_clk2/U0/inst_fifo_gen/gconvfifo.rf/grf.rf/gntv_or_sync_fifo.gcx.clkx/rd_pntr_cdc_inst/dest_graysync_ff_reg[0][3]}]] 10.000
Requirement: 10.000ns
Endpoints: 4

From Clock            To Clock              Endpoint Pin                    Reference Pin                   Corner  Actual(ns)  Slack(ns)
--------------------  --------------------  ------------------------------  ------------------------------  ------  ----------  ---------
net_clk               userclk1              i_pcileech_pcie_a7/i_pcileech_pcie_tlp_a7/i_pcileech_tlps128_cfgspace_shadow/i_fifo_43_43_clk2/U0/inst_fifo_gen/gconvfifo.rf/grf.rf/gntv_or_sync_fifo.gcx.clkx/rd_pntr_cdc_inst/dest_graysync_ff_reg[0][3]/D
                                                                            i_pcileech_pcie_a7/i_pcileech_pcie_tlp_a7/i_pcileech_tlps128_cfgspace_shadow/i_fifo_43_43_clk2/U0/inst_fifo_gen/gconvfifo.rf/grf.rf/gntv_or_sync_fifo.gcx.clkx/rd_pntr_cdc_inst/dest_graysync_ff_reg[0][1]/D
                                                                                                            Slow         0.646      9.354


Slack (MET) :             9.354ns  (requirement - actual skew)
  Endpoint Source:        <hidden>
                            (rising edge-triggered cell FDRE clocked by net_clk)
  Endpoint Destination:   <hidden>
                            (rising edge-triggered cell FDRE clocked by userclk1)
  Reference Source:       <hidden>
                            (rising edge-triggered cell FDRE clocked by net_clk)
  Reference Destination:  <hidden>
                            (rising edge-triggered cell FDRE clocked by userclk1)
  Path Type:              Bus Skew (Max at Slow Process Corner)
  Requirement:            10.000ns
  Endpoint Relative Delay:    0.225ns
  Reference Relative Delay:  -0.954ns
  Relative CRPR:              0.533ns
  Actual Bus Skew:            0.646ns  (Endpoint Relative Delay - Reference Relative Delay - Relative CRPR)

Endpoint path:
    Location             Delay type                Incr(ns)  Path(ns)    Netlist Resource(s)
  -------------------------------------------------------------------    -------------------
                         (clock net_clk rise edge)    0.000     0.000 r  
    J19                                               0.000     0.000 r  clk (IN)
                         net (fo=0)                   0.000     0.000    clk
    J19                  IBUF (Prop_ibuf_I_O)         1.416     1.416 r  clk_IBUF_inst/O
                         net (fo=1, routed)           1.709     3.124    clk_IBUF
    BUFGCTRL_X0Y16       BUFG (Prop_bufg_I_O)         0.081     3.205 r  clk_IBUF_BUFG_inst/O
                         net (fo=3727, routed)        1.347     4.553    <hidden>
    SLICE_X44Y128        FDRE                                         r  <hidden>
  -------------------------------------------------------------------    -------------------
    SLICE_X44Y128        FDRE (Prop_fdre_C_Q)         0.379     4.932 r  <hidden>
                         net (fo=1, routed)           0.562     5.494    <hidden>
    SLICE_X45Y128        FDRE                                         r  <hidden>
  -------------------------------------------------------------------    -------------------

                         (clock userclk1 rise edge)
                                                      0.000     0.000 r  
    GTPE2_CHANNEL_X0Y7   GTPE2_CHANNEL                0.000     0.000 r  i_pcileech_pcie_a7/i_pcie_7x_0/inst/inst/gt_top_i/pipe_wrapper_i/pipe_lane[0].gt_wrapper_i/gtp_channel.gtpe2_channel_i/TXOUTCLK
                         net (fo=1, routed)           1.199     1.199    i_pcileech_pcie_a7/i_pcie_7x_0/inst/inst/gt_top_i/pipe_wrapper_i/pipe_clock_int.pipe_clock_i/txoutclk_i.txoutclk_i_0
    BUFGCTRL_X0Y19       BUFG (Prop_bufg_I_O)         0.077     1.276 r  i_pcileech_pcie_a7/i_pcie_7x_0/inst/inst/gt_top_i/pipe_wrapper_i/pipe_clock_int.pipe_clock_i/txoutclk_i.txoutclk_i/O
                         net (fo=1, routed)           1.302     2.578    i_pcileech_pcie_a7/i_pcie_7x_0/inst/inst/gt_top_i/pipe_wrapper_i/pipe_clock_int.pipe_clock_i/refclk
    MMCME2_ADV_X0Y1      MMCME2_ADV (Prop_mmcme2_adv_CLKIN1_CLKOUT2)
                                                      0.073     2.651 r  i_pcileech_pcie_a7/i_pcie_7x_0/inst/inst/gt_top_i/pipe_wrapper_i/pipe_clock_int.pipe_clock_i/mmcm_i/CLKOUT2
                         net (fo=1, routed)           1.374     4.024    i_pcileech_pcie_a7/i_pcie_7x_0/inst/inst/gt_top_i/pipe_wrapper_i/pipe_clock_int.pipe_clock_i/userclk1
    BUFGCTRL_X0Y0        BUFG (Prop_bufg_I_O)         0.077     4.102 r  i_pcileech_pcie_a7/i_pcie_7x_0/inst/inst/gt_top_i/pipe_wrapper_i/pipe_clock_int.pipe_clock_i/userclk1_i1.usrclk1_i1/O
                         net (fo=3883, routed)        1.242     5.344    <hidden>
    SLICE_X45Y128        FDRE                                         r  <hidden>
                         clock pessimism              0.000     5.344    
    SLICE_X45Y128        FDRE (Setup_fdre_C_D)       -0.075     5.269    <hidden>
  -------------------------------------------------------------------
                         data arrival                           5.494    
                         clock arrival                          5.269    
  -------------------------------------------------------------------
                         relative delay                         0.225    

Reference path:
    Location             Delay type                Incr(ns)  Path(ns)    Netlist Resource(s)
  -------------------------------------------------------------------    -------------------
                         (clock net_clk rise edge)    0.000     0.000 r  
    J19                                               0.000     0.000 r  clk (IN)
                         net (fo=0)                   0.000     0.000    clk
    J19                  IBUF (Prop_ibuf_I_O)         1.350     1.350 r  clk_IBUF_inst/O
                         net (fo=1, routed)           1.620     2.970    clk_IBUF
    BUFGCTRL_X0Y16       BUFG (Prop_bufg_I_O)         0.077     3.047 r  clk_IBUF_BUFG_inst/O
                         net (fo=3727, routed)        1.239     4.286    <hidden>
    SLICE_X47Y130        FDRE                                         r  <hidden>
  -------------------------------------------------------------------    -------------------
    SLICE_X47Y130        FDRE (Prop_fdre_C_Q)         0.279     4.565 r  <hidden>
                         net (fo=1, routed)           0.200     4.765    <hidden>
    SLICE_X47Y128        FDRE                                         r  <hidden>
  -------------------------------------------------------------------    -------------------

                         (clock userclk1 rise edge)
                                                      0.000     0.000 r  
    GTPE2_CHANNEL_X0Y7   GTPE2_CHANNEL                0.000     0.000 r  i_pcileech_pcie_a7/i_pcie_7x_0/inst/inst/gt_top_i/pipe_wrapper_i/pipe_lane[0].gt_wrapper_i/gtp_channel.gtpe2_channel_i/TXOUTCLK
                         net (fo=1, routed)           1.257     1.257    i_pcileech_pcie_a7/i_pcie_7x_0/inst/inst/gt_top_i/pipe_wrapper_i/pipe_clock_int.pipe_clock_i/txoutclk_i.txoutclk_i_0
    BUFGCTRL_X0Y19       BUFG (Prop_bufg_I_O)         0.081     1.338 r  i_pcileech_pcie_a7/i_pcie_7x_0/inst/inst/gt_top_i/pipe_wrapper_i/pipe_clock_int.pipe_clock_i/txoutclk_i.txoutclk_i/O
                         net (fo=1, routed)           1.408     2.745    i_pcileech_pcie_a7/i_pcie_7x_0/inst/inst/gt_top_i/pipe_wrapper_i/pipe_clock_int.pipe_clock_i/refclk
    MMCME2_ADV_X0Y1      MMCME2_ADV (Prop_mmcme2_adv_CLKIN1_CLKOUT2)
                                                      0.077     2.822 r  i_pcileech_pcie_a7/i_pcie_7x_0/inst/inst/gt_top_i/pipe_wrapper_i/pipe_clock_int.pipe_clock_i/mmcm_i/CLKOUT2
                         net (fo=1, routed)           1.441     4.263    i_pcileech_pcie_a7/i_pcie_7x_0/inst/inst/gt_top_i/pipe_wrapper_i/pipe_clock_int.pipe_clock_i/userclk1
    BUFGCTRL_X0Y0        BUFG (Prop_bufg_I_O)         0.081     4.344 r  i_pcileech_pcie_a7/i_pcie_7x_0/inst/inst/gt_top_i/pipe_wrapper_i/pipe_clock_int.pipe_clock_i/userclk1_i1.usrclk1_i1/O
                         net (fo=3883, routed)        1.348     5.692    <hidden>
    SLICE_X47Y128        FDRE                                         r  <hidden>
                         clock pessimism              0.000     5.692    
    SLICE_X47Y128        FDRE (Hold_fdre_C_D)         0.026     5.718    <hidden>
  -------------------------------------------------------------------
                         data arrival                           4.765    
                         clock arrival                          5.718    
  -------------------------------------------------------------------
                         relative delay                        -0.954    



Id: 12
set_bus_skew -from [get_cells [list {i_pcileech_pcie_a7/i_pcileech_pcie_tlp_a7/i_pcileech_tlps128_cfgspace_shadow/i_fifo_43_43_clk2/U0/inst_fifo_gen/gconvfifo.rf/grf.rf/gntv_or_sync_fifo.gcx.clkx/wr_pntr_cdc_inst/src_gray_ff_reg[0]} {i_pcileech_pcie_a7/i_pcileech_pcie_tlp_a7/i_pcileech_tlps128_cfgspace_shadow/i_fifo_43_43_clk2/U0/inst_fifo_gen/gconvfifo.rf/grf.rf/gntv_or_sync_fifo.gcx.clkx/wr_pntr_cdc_inst/src_gray_ff_reg[1]} {i_pcileech_pcie_a7/i_pcileech_pcie_tlp_a7/i_pcileech_tlps128_cfgspace_shadow/i_fifo_43_43_clk2/U0/inst_fifo_gen/gconvfifo.rf/grf.rf/gntv_or_sync_fifo.gcx.clkx/wr_pntr_cdc_inst/src_gray_ff_reg[2]} {i_pcileech_pcie_a7/i_pcileech_pcie_tlp_a7/i_pcileech_tlps128_cfgspace_shadow/i_fifo_43_43_clk2/U0/inst_fifo_gen/gconvfifo.rf/grf.rf/gntv_or_sync_fifo.gcx.clkx/wr_pntr_cdc_inst/src_gray_ff_reg[3]}]] -to [get_cells [list {i_pcileech_pcie_a7/i_pcileech_pcie_tlp_a7/i_pcileech_tlps128_cfgspace_shadow/i_fifo_43_43_clk2/U0/inst_fifo_gen/gconvfifo.rf/grf.rf/gntv_or_sync_fifo.gcx.clkx/wr_pntr_cdc_inst/dest_graysync_ff_reg[0][0]} {i_pcileech_pcie_a7/i_pcileech_pcie_tlp_a7/i_pcileech_tlps128_cfgspace_shadow/i_fifo_43_43_clk2/U0/inst_fifo_gen/gconvfifo.rf/grf.rf/gntv_or_sync_fifo.gcx.clkx/wr_pntr_cdc_inst/dest_graysync_ff_reg[0][1]} {i_pcileech_pcie_a7/i_pcileech_pcie_tlp_a7/i_pcileech_tlps128_cfgspace_shadow/i_fifo_43_43_clk2/U0/inst_fifo_gen/gconvfifo.rf/grf.rf/gntv_or_sync_fifo.gcx.clkx/wr_pntr_cdc_inst/dest_graysync_ff_reg[0][2]} {i_pcileech_pcie_a7/i_pcileech_pcie_tlp_a7/i_pcileech_tlps128_cfgspace_shadow/i_fifo_43_43_clk2/U0/inst_fifo_gen/gconvfifo.rf/grf.rf/gntv_or_sync_fifo.gcx.clkx/wr_pntr_cdc_inst/dest_graysync_ff_reg[0][3]}]] 10.000
Requirement: 10.000ns
Endpoints: 4

From Clock            To Clock              Endpoint Pin                    Reference Pin                   Corner  Actual(ns)  Slack(ns)
--------------------  --------------------  ------------------------------  ------------------------------  ------  ----------  ---------
userclk1              net_clk               i_pcileech_pcie_a7/i_pcileech_pcie_tlp_a7/i_pcileech_tlps128_cfgspace_shadow/i_fifo_43_43_clk2/U0/inst_fifo_gen/gconvfifo.rf/grf.rf/gntv_or_sync_fifo.gcx.clkx/wr_pntr_cdc_inst/dest_graysync_ff_reg[0][3]/D
                                                                            i_pcileech_pcie_a7/i_pcileech_pcie_tlp_a7/i_pcileech_tlps128_cfgspace_shadow/i_fifo_43_43_clk2/U0/inst_fifo_gen/gconvfifo.rf/grf.rf/gntv_or_sync_fifo.gcx.clkx/wr_pntr_cdc_inst/dest_graysync_ff_reg[0][0]/D
                                                                                                            Slow         0.684      9.316


Slack (MET) :             9.316ns  (requirement - actual skew)
  Endpoint Source:        <hidden>
                            (rising edge-triggered cell FDRE clocked by userclk1)
  Endpoint Destination:   <hidden>
                            (rising edge-triggered cell FDRE clocked by net_clk)
  Reference Source:       <hidden>
                            (rising edge-triggered cell FDRE clocked by userclk1)
  Reference Destination:  <hidden>
                            (rising edge-triggered cell FDRE clocked by net_clk)
  Path Type:              Bus Skew (Max at Slow Process Corner)
  Requirement:            10.000ns
  Endpoint Relative Delay:    2.446ns
  Reference Relative Delay:   1.169ns
  Relative CRPR:              0.594ns
  Actual Bus Skew:            0.684ns  (Endpoint Relative Delay - Reference Relative Delay - Relative CRPR)

Endpoint path:
    Location             Delay type                Incr(ns)  Path(ns)    Netlist Resource(s)
  -------------------------------------------------------------------    -------------------
                         (clock userclk1 rise edge)
                                                      0.000     0.000 r  
    GTPE2_CHANNEL_X0Y7   GTPE2_CHANNEL                0.000     0.000 r  i_pcileech_pcie_a7/i_pcie_7x_0/inst/inst/gt_top_i/pipe_wrapper_i/pipe_lane[0].gt_wrapper_i/gtp_channel.gtpe2_channel_i/TXOUTCLK
                         net (fo=1, routed)           1.257     1.257    i_pcileech_pcie_a7/i_pcie_7x_0/inst/inst/gt_top_i/pipe_wrapper_i/pipe_clock_int.pipe_clock_i/txoutclk_i.txoutclk_i_0
    BUFGCTRL_X0Y19       BUFG (Prop_bufg_I_O)         0.081     1.338 r  i_pcileech_pcie_a7/i_pcie_7x_0/inst/inst/gt_top_i/pipe_wrapper_i/pipe_clock_int.pipe_clock_i/txoutclk_i.txoutclk_i/O
                         net (fo=1, routed)           1.408     2.745    i_pcileech_pcie_a7/i_pcie_7x_0/inst/inst/gt_top_i/pipe_wrapper_i/pipe_clock_int.pipe_clock_i/refclk
    MMCME2_ADV_X0Y1      MMCME2_ADV (Prop_mmcme2_adv_CLKIN1_CLKOUT2)
                                                      0.077     2.822 r  i_pcileech_pcie_a7/i_pcie_7x_0/inst/inst/gt_top_i/pipe_wrapper_i/pipe_clock_int.pipe_clock_i/mmcm_i/CLKOUT2
                         net (fo=1, routed)           1.441     4.263    i_pcileech_pcie_a7/i_pcie_7x_0/inst/inst/gt_top_i/pipe_wrapper_i/pipe_clock_int.pipe_clock_i/userclk1
    BUFGCTRL_X0Y0        BUFG (Prop_bufg_I_O)         0.081     4.344 r  i_pcileech_pcie_a7/i_pcie_7x_0/inst/inst/gt_top_i/pipe_wrapper_i/pipe_clock_int.pipe_clock_i/userclk1_i1.usrclk1_i1/O
                         net (fo=3883, routed)        1.348     5.692    <hidden>
    SLICE_X47Y128        FDRE                                         r  <hidden>
  -------------------------------------------------------------------    -------------------
    SLICE_X47Y128        FDRE (Prop_fdre_C_Q)         0.348     6.040 r  <hidden>
                         net (fo=1, routed)           0.485     6.525    <hidden>
    SLICE_X45Y129        FDRE                                         r  <hidden>
  -------------------------------------------------------------------    -------------------

                         (clock net_clk rise edge)    0.000     0.000 r  
    J19                                               0.000     0.000 r  clk (IN)
                         net (fo=0)                   0.000     0.000    clk
    J19                  IBUF (Prop_ibuf_I_O)         1.350     1.350 r  clk_IBUF_inst/O
                         net (fo=1, routed)           1.620     2.970    clk_IBUF
    BUFGCTRL_X0Y16       BUFG (Prop_bufg_I_O)         0.077     3.047 r  clk_IBUF_BUFG_inst/O
                         net (fo=3727, routed)        1.242     4.289    <hidden>
    SLICE_X45Y129        FDRE                                         r  <hidden>
                         clock pessimism              0.000     4.289    
    SLICE_X45Y129        FDRE (Setup_fdre_C_D)       -0.210     4.079    <hidden>
  -------------------------------------------------------------------
                         data arrival                           6.525    
                         clock arrival                          4.079    
  -------------------------------------------------------------------
                         relative delay                         2.446    

Reference path:
    Location             Delay type                Incr(ns)  Path(ns)    Netlist Resource(s)
  -------------------------------------------------------------------    -------------------
                         (clock userclk1 rise edge)
                                                      0.000     0.000 r  
    GTPE2_CHANNEL_X0Y7   GTPE2_CHANNEL                0.000     0.000 r  i_pcileech_pcie_a7/i_pcie_7x_0/inst/inst/gt_top_i/pipe_wrapper_i/pipe_lane[0].gt_wrapper_i/gtp_channel.gtpe2_channel_i/TXOUTCLK
                         net (fo=1, routed)           1.199     1.199    i_pcileech_pcie_a7/i_pcie_7x_0/inst/inst/gt_top_i/pipe_wrapper_i/pipe_clock_int.pipe_clock_i/txoutclk_i.txoutclk_i_0
    BUFGCTRL_X0Y19       BUFG (Prop_bufg_I_O)         0.077     1.276 r  i_pcileech_pcie_a7/i_pcie_7x_0/inst/inst/gt_top_i/pipe_wrapper_i/pipe_clock_int.pipe_clock_i/txoutclk_i.txoutclk_i/O
                         net (fo=1, routed)           1.302     2.578    i_pcileech_pcie_a7/i_pcie_7x_0/inst/inst/gt_top_i/pipe_wrapper_i/pipe_clock_int.pipe_clock_i/refclk
    MMCME2_ADV_X0Y1      MMCME2_ADV (Prop_mmcme2_adv_CLKIN1_CLKOUT2)
                                                      0.073     2.651 r  i_pcileech_pcie_a7/i_pcie_7x_0/inst/inst/gt_top_i/pipe_wrapper_i/pipe_clock_int.pipe_clock_i/mmcm_i/CLKOUT2
                         net (fo=1, routed)           1.374     4.024    i_pcileech_pcie_a7/i_pcie_7x_0/inst/inst/gt_top_i/pipe_wrapper_i/pipe_clock_int.pipe_clock_i/userclk1
    BUFGCTRL_X0Y0        BUFG (Prop_bufg_I_O)         0.077     4.102 r  i_pcileech_pcie_a7/i_pcie_7x_0/inst/inst/gt_top_i/pipe_wrapper_i/pipe_clock_int.pipe_clock_i/userclk1_i1.usrclk1_i1/O
                         net (fo=3883, routed)        1.238     5.340    <hidden>
    SLICE_X47Y128        FDRE                                         r  <hidden>
  -------------------------------------------------------------------    -------------------
    SLICE_X47Y128        FDRE (Prop_fdre_C_Q)         0.304     5.644 r  <hidden>
                         net (fo=1, routed)           0.214     5.857    <hidden>
    SLICE_X44Y128        FDRE                                         r  <hidden>
  -------------------------------------------------------------------    -------------------

                         (clock net_clk rise edge)    0.000     0.000 r  
    J19                                               0.000     0.000 r  clk (IN)
                         net (fo=0)                   0.000     0.000    clk
    J19                  IBUF (Prop_ibuf_I_O)         1.416     1.416 r  clk_IBUF_inst/O
                         net (fo=1, routed)           1.709     3.124    clk_IBUF
    BUFGCTRL_X0Y16       BUFG (Prop_bufg_I_O)         0.081     3.205 r  clk_IBUF_BUFG_inst/O
                         net (fo=3727, routed)        1.347     4.553    <hidden>
    SLICE_X44Y128        FDRE                                         r  <hidden>
                         clock pessimism              0.000     4.553    
    SLICE_X44Y128        FDRE (Hold_fdre_C_D)         0.136     4.689    <hidden>
  -------------------------------------------------------------------
                         data arrival                           5.857    
                         clock arrival                          4.689    
  -------------------------------------------------------------------
                         relative delay                         1.169    



Id: 13
set_bus_skew -from [get_cells [list {i_pcileech_pcie_a7/i_pcileech_pcie_tlp_a7/i_pcileech_tlps128_cfgspace_shadow/i_fifo_49_49_clk2/U0/inst_fifo_gen/gconvfifo.rf/grf.rf/gntv_or_sync_fifo.gcx.clkx/rd_pntr_cdc_inst/src_gray_ff_reg[0]} {i_pcileech_pcie_a7/i_pcileech_pcie_tlp_a7/i_pcileech_tlps128_cfgspace_shadow/i_fifo_49_49_clk2/U0/inst_fifo_gen/gconvfifo.rf/grf.rf/gntv_or_sync_fifo.gcx.clkx/rd_pntr_cdc_inst/src_gray_ff_reg[1]} {i_pcileech_pcie_a7/i_pcileech_pcie_tlp_a7/i_pcileech_tlps128_cfgspace_shadow/i_fifo_49_49_clk2/U0/inst_fifo_gen/gconvfifo.rf/grf.rf/gntv_or_sync_fifo.gcx.clkx/rd_pntr_cdc_inst/src_gray_ff_reg[2]} {i_pcileech_pcie_a7/i_pcileech_pcie_tlp_a7/i_pcileech_tlps128_cfgspace_shadow/i_fifo_49_49_clk2/U0/inst_fifo_gen/gconvfifo.rf/grf.rf/gntv_or_sync_fifo.gcx.clkx/rd_pntr_cdc_inst/src_gray_ff_reg[3]}]] -to [get_cells [list {i_pcileech_pcie_a7/i_pcileech_pcie_tlp_a7/i_pcileech_tlps128_cfgspace_shadow/i_fifo_49_49_clk2/U0/inst_fifo_gen/gconvfifo.rf/grf.rf/gntv_or_sync_fifo.gcx.clkx/rd_pntr_cdc_inst/dest_graysync_ff_reg[0][0]} {i_pcileech_pcie_a7/i_pcileech_pcie_tlp_a7/i_pcileech_tlps128_cfgspace_shadow/i_fifo_49_49_clk2/U0/inst_fifo_gen/gconvfifo.rf/grf.rf/gntv_or_sync_fifo.gcx.clkx/rd_pntr_cdc_inst/dest_graysync_ff_reg[0][1]} {i_pcileech_pcie_a7/i_pcileech_pcie_tlp_a7/i_pcileech_tlps128_cfgspace_shadow/i_fifo_49_49_clk2/U0/inst_fifo_gen/gconvfifo.rf/grf.rf/gntv_or_sync_fifo.gcx.clkx/rd_pntr_cdc_inst/dest_graysync_ff_reg[0][2]} {i_pcileech_pcie_a7/i_pcileech_pcie_tlp_a7/i_pcileech_tlps128_cfgspace_shadow/i_fifo_49_49_clk2/U0/inst_fifo_gen/gconvfifo.rf/grf.rf/gntv_or_sync_fifo.gcx.clkx/rd_pntr_cdc_inst/dest_graysync_ff_reg[0][3]}]] 10.000
Requirement: 10.000ns
Endpoints: 4

From Clock            To Clock              Endpoint Pin                    Reference Pin                   Corner  Actual(ns)  Slack(ns)
--------------------  --------------------  ------------------------------  ------------------------------  ------  ----------  ---------
userclk1              net_clk               i_pcileech_pcie_a7/i_pcileech_pcie_tlp_a7/i_pcileech_tlps128_cfgspace_shadow/i_fifo_49_49_clk2/U0/inst_fifo_gen/gconvfifo.rf/grf.rf/gntv_or_sync_fifo.gcx.clkx/rd_pntr_cdc_inst/dest_graysync_ff_reg[0][1]/D
                                                                            i_pcileech_pcie_a7/i_pcileech_pcie_tlp_a7/i_pcileech_tlps128_cfgspace_shadow/i_fifo_49_49_clk2/U0/inst_fifo_gen/gconvfifo.rf/grf.rf/gntv_or_sync_fifo.gcx.clkx/rd_pntr_cdc_inst/dest_graysync_ff_reg[0][3]/D
                                                                                                            Slow         0.494      9.506


Slack (MET) :             9.506ns  (requirement - actual skew)
  Endpoint Source:        <hidden>
                            (rising edge-triggered cell FDRE clocked by userclk1)
  Endpoint Destination:   <hidden>
                            (rising edge-triggered cell FDRE clocked by net_clk)
  Reference Source:       <hidden>
                            (rising edge-triggered cell FDRE clocked by userclk1)
  Reference Destination:  <hidden>
                            (rising edge-triggered cell FDRE clocked by net_clk)
  Path Type:              Bus Skew (Max at Slow Process Corner)
  Requirement:            10.000ns
  Endpoint Relative Delay:    2.311ns
  Reference Relative Delay:   1.268ns
  Relative CRPR:              0.550ns
  Actual Bus Skew:            0.494ns  (Endpoint Relative Delay - Reference Relative Delay - Relative CRPR)

Endpoint path:
    Location             Delay type                Incr(ns)  Path(ns)    Netlist Resource(s)
  -------------------------------------------------------------------    -------------------
                         (clock userclk1 rise edge)
                                                      0.000     0.000 r  
    GTPE2_CHANNEL_X0Y7   GTPE2_CHANNEL                0.000     0.000 r  i_pcileech_pcie_a7/i_pcie_7x_0/inst/inst/gt_top_i/pipe_wrapper_i/pipe_lane[0].gt_wrapper_i/gtp_channel.gtpe2_channel_i/TXOUTCLK
                         net (fo=1, routed)           1.257     1.257    i_pcileech_pcie_a7/i_pcie_7x_0/inst/inst/gt_top_i/pipe_wrapper_i/pipe_clock_int.pipe_clock_i/txoutclk_i.txoutclk_i_0
    BUFGCTRL_X0Y19       BUFG (Prop_bufg_I_O)         0.081     1.338 r  i_pcileech_pcie_a7/i_pcie_7x_0/inst/inst/gt_top_i/pipe_wrapper_i/pipe_clock_int.pipe_clock_i/txoutclk_i.txoutclk_i/O
                         net (fo=1, routed)           1.408     2.745    i_pcileech_pcie_a7/i_pcie_7x_0/inst/inst/gt_top_i/pipe_wrapper_i/pipe_clock_int.pipe_clock_i/refclk
    MMCME2_ADV_X0Y1      MMCME2_ADV (Prop_mmcme2_adv_CLKIN1_CLKOUT2)
                                                      0.077     2.822 r  i_pcileech_pcie_a7/i_pcie_7x_0/inst/inst/gt_top_i/pipe_wrapper_i/pipe_clock_int.pipe_clock_i/mmcm_i/CLKOUT2
                         net (fo=1, routed)           1.441     4.263    i_pcileech_pcie_a7/i_pcie_7x_0/inst/inst/gt_top_i/pipe_wrapper_i/pipe_clock_int.pipe_clock_i/userclk1
    BUFGCTRL_X0Y0        BUFG (Prop_bufg_I_O)         0.081     4.344 r  i_pcileech_pcie_a7/i_pcie_7x_0/inst/inst/gt_top_i/pipe_wrapper_i/pipe_clock_int.pipe_clock_i/userclk1_i1.usrclk1_i1/O
                         net (fo=3883, routed)        1.351     5.695    <hidden>
    SLICE_X49Y130        FDRE                                         r  <hidden>
  -------------------------------------------------------------------    -------------------
    SLICE_X49Y130        FDRE (Prop_fdre_C_Q)         0.348     6.043 r  <hidden>
                         net (fo=1, routed)           0.347     6.390    <hidden>
    SLICE_X45Y129        FDRE                                         r  <hidden>
  -------------------------------------------------------------------    -------------------

                         (clock net_clk rise edge)    0.000     0.000 r  
    J19                                               0.000     0.000 r  clk (IN)
                         net (fo=0)                   0.000     0.000    clk
    J19                  IBUF (Prop_ibuf_I_O)         1.350     1.350 r  clk_IBUF_inst/O
                         net (fo=1, routed)           1.620     2.970    clk_IBUF
    BUFGCTRL_X0Y16       BUFG (Prop_bufg_I_O)         0.077     3.047 r  clk_IBUF_BUFG_inst/O
                         net (fo=3727, routed)        1.242     4.289    <hidden>
    SLICE_X45Y129        FDRE                                         r  <hidden>
                         clock pessimism              0.000     4.289    
    SLICE_X45Y129        FDRE (Setup_fdre_C_D)       -0.210     4.079    <hidden>
  -------------------------------------------------------------------
                         data arrival                           6.390    
                         clock arrival                          4.079    
  -------------------------------------------------------------------
                         relative delay                         2.311    

Reference path:
    Location             Delay type                Incr(ns)  Path(ns)    Netlist Resource(s)
  -------------------------------------------------------------------    -------------------
                         (clock userclk1 rise edge)
                                                      0.000     0.000 r  
    GTPE2_CHANNEL_X0Y7   GTPE2_CHANNEL                0.000     0.000 r  i_pcileech_pcie_a7/i_pcie_7x_0/inst/inst/gt_top_i/pipe_wrapper_i/pipe_lane[0].gt_wrapper_i/gtp_channel.gtpe2_channel_i/TXOUTCLK
                         net (fo=1, routed)           1.199     1.199    i_pcileech_pcie_a7/i_pcie_7x_0/inst/inst/gt_top_i/pipe_wrapper_i/pipe_clock_int.pipe_clock_i/txoutclk_i.txoutclk_i_0
    BUFGCTRL_X0Y19       BUFG (Prop_bufg_I_O)         0.077     1.276 r  i_pcileech_pcie_a7/i_pcie_7x_0/inst/inst/gt_top_i/pipe_wrapper_i/pipe_clock_int.pipe_clock_i/txoutclk_i.txoutclk_i/O
                         net (fo=1, routed)           1.302     2.578    i_pcileech_pcie_a7/i_pcie_7x_0/inst/inst/gt_top_i/pipe_wrapper_i/pipe_clock_int.pipe_clock_i/refclk
    MMCME2_ADV_X0Y1      MMCME2_ADV (Prop_mmcme2_adv_CLKIN1_CLKOUT2)
                                                      0.073     2.651 r  i_pcileech_pcie_a7/i_pcie_7x_0/inst/inst/gt_top_i/pipe_wrapper_i/pipe_clock_int.pipe_clock_i/mmcm_i/CLKOUT2
                         net (fo=1, routed)           1.374     4.024    i_pcileech_pcie_a7/i_pcie_7x_0/inst/inst/gt_top_i/pipe_wrapper_i/pipe_clock_int.pipe_clock_i/userclk1
    BUFGCTRL_X0Y0        BUFG (Prop_bufg_I_O)         0.077     4.102 r  i_pcileech_pcie_a7/i_pcie_7x_0/inst/inst/gt_top_i/pipe_wrapper_i/pipe_clock_int.pipe_clock_i/userclk1_i1.usrclk1_i1/O
                         net (fo=3883, routed)        1.242     5.344    <hidden>
    SLICE_X45Y128        FDRE                                         r  <hidden>
  -------------------------------------------------------------------    -------------------
    SLICE_X45Y128        FDRE (Prop_fdre_C_Q)         0.304     5.648 r  <hidden>
                         net (fo=1, routed)           0.311     5.959    <hidden>
    SLICE_X44Y128        FDRE                                         r  <hidden>
  -------------------------------------------------------------------    -------------------

                         (clock net_clk rise edge)    0.000     0.000 r  
    J19                                               0.000     0.000 r  clk (IN)
                         net (fo=0)                   0.000     0.000    clk
    J19                  IBUF (Prop_ibuf_I_O)         1.416     1.416 r  clk_IBUF_inst/O
                         net (fo=1, routed)           1.709     3.124    clk_IBUF
    BUFGCTRL_X0Y16       BUFG (Prop_bufg_I_O)         0.081     3.205 r  clk_IBUF_BUFG_inst/O
                         net (fo=3727, routed)        1.347     4.553    <hidden>
    SLICE_X44Y128        FDRE                                         r  <hidden>
                         clock pessimism              0.000     4.553    
    SLICE_X44Y128        FDRE (Hold_fdre_C_D)         0.138     4.691    <hidden>
  -------------------------------------------------------------------
                         data arrival                           5.959    
                         clock arrival                          4.691    
  -------------------------------------------------------------------
                         relative delay                         1.268    



Id: 14
set_bus_skew -from [get_cells [list {i_pcileech_pcie_a7/i_pcileech_pcie_tlp_a7/i_pcileech_tlps128_cfgspace_shadow/i_fifo_49_49_clk2/U0/inst_fifo_gen/gconvfifo.rf/grf.rf/gntv_or_sync_fifo.gcx.clkx/wr_pntr_cdc_inst/src_gray_ff_reg[0]} {i_pcileech_pcie_a7/i_pcileech_pcie_tlp_a7/i_pcileech_tlps128_cfgspace_shadow/i_fifo_49_49_clk2/U0/inst_fifo_gen/gconvfifo.rf/grf.rf/gntv_or_sync_fifo.gcx.clkx/wr_pntr_cdc_inst/src_gray_ff_reg[1]} {i_pcileech_pcie_a7/i_pcileech_pcie_tlp_a7/i_pcileech_tlps128_cfgspace_shadow/i_fifo_49_49_clk2/U0/inst_fifo_gen/gconvfifo.rf/grf.rf/gntv_or_sync_fifo.gcx.clkx/wr_pntr_cdc_inst/src_gray_ff_reg[2]} {i_pcileech_pcie_a7/i_pcileech_pcie_tlp_a7/i_pcileech_tlps128_cfgspace_shadow/i_fifo_49_49_clk2/U0/inst_fifo_gen/gconvfifo.rf/grf.rf/gntv_or_sync_fifo.gcx.clkx/wr_pntr_cdc_inst/src_gray_ff_reg[3]}]] -to [get_cells [list {i_pcileech_pcie_a7/i_pcileech_pcie_tlp_a7/i_pcileech_tlps128_cfgspace_shadow/i_fifo_49_49_clk2/U0/inst_fifo_gen/gconvfifo.rf/grf.rf/gntv_or_sync_fifo.gcx.clkx/wr_pntr_cdc_inst/dest_graysync_ff_reg[0][0]} {i_pcileech_pcie_a7/i_pcileech_pcie_tlp_a7/i_pcileech_tlps128_cfgspace_shadow/i_fifo_49_49_clk2/U0/inst_fifo_gen/gconvfifo.rf/grf.rf/gntv_or_sync_fifo.gcx.clkx/wr_pntr_cdc_inst/dest_graysync_ff_reg[0][1]} {i_pcileech_pcie_a7/i_pcileech_pcie_tlp_a7/i_pcileech_tlps128_cfgspace_shadow/i_fifo_49_49_clk2/U0/inst_fifo_gen/gconvfifo.rf/grf.rf/gntv_or_sync_fifo.gcx.clkx/wr_pntr_cdc_inst/dest_graysync_ff_reg[0][2]} {i_pcileech_pcie_a7/i_pcileech_pcie_tlp_a7/i_pcileech_tlps128_cfgspace_shadow/i_fifo_49_49_clk2/U0/inst_fifo_gen/gconvfifo.rf/grf.rf/gntv_or_sync_fifo.gcx.clkx/wr_pntr_cdc_inst/dest_graysync_ff_reg[0][3]}]] 10.000
Requirement: 10.000ns
Endpoints: 4

From Clock            To Clock              Endpoint Pin                    Reference Pin                   Corner  Actual(ns)  Slack(ns)
--------------------  --------------------  ------------------------------  ------------------------------  ------  ----------  ---------
net_clk               userclk1              i_pcileech_pcie_a7/i_pcileech_pcie_tlp_a7/i_pcileech_tlps128_cfgspace_shadow/i_fifo_49_49_clk2/U0/inst_fifo_gen/gconvfifo.rf/grf.rf/gntv_or_sync_fifo.gcx.clkx/wr_pntr_cdc_inst/dest_graysync_ff_reg[0][3]/D
                                                                            i_pcileech_pcie_a7/i_pcileech_pcie_tlp_a7/i_pcileech_tlps128_cfgspace_shadow/i_fifo_49_49_clk2/U0/inst_fifo_gen/gconvfifo.rf/grf.rf/gntv_or_sync_fifo.gcx.clkx/wr_pntr_cdc_inst/dest_graysync_ff_reg[0][0]/D
                                                                                                            Slow         0.749      9.251


Slack (MET) :             9.251ns  (requirement - actual skew)
  Endpoint Source:        <hidden>
                            (rising edge-triggered cell FDRE clocked by net_clk)
  Endpoint Destination:   <hidden>
                            (rising edge-triggered cell FDRE clocked by userclk1)
  Reference Source:       <hidden>
                            (rising edge-triggered cell FDRE clocked by net_clk)
  Reference Destination:  <hidden>
                            (rising edge-triggered cell FDRE clocked by userclk1)
  Path Type:              Bus Skew (Max at Slow Process Corner)
  Requirement:            10.000ns
  Endpoint Relative Delay:    0.348ns
  Reference Relative Delay:  -1.017ns
  Relative CRPR:              0.617ns
  Actual Bus Skew:            0.749ns  (Endpoint Relative Delay - Reference Relative Delay - Relative CRPR)

Endpoint path:
    Location             Delay type                Incr(ns)  Path(ns)    Netlist Resource(s)
  -------------------------------------------------------------------    -------------------
                         (clock net_clk rise edge)    0.000     0.000 r  
    J19                                               0.000     0.000 r  clk (IN)
                         net (fo=0)                   0.000     0.000    clk
    J19                  IBUF (Prop_ibuf_I_O)         1.416     1.416 r  clk_IBUF_inst/O
                         net (fo=1, routed)           1.709     3.124    clk_IBUF
    BUFGCTRL_X0Y16       BUFG (Prop_bufg_I_O)         0.081     3.205 r  clk_IBUF_BUFG_inst/O
                         net (fo=3727, routed)        1.337     4.543    <hidden>
    SLICE_X53Y128        FDRE                                         r  <hidden>
  -------------------------------------------------------------------    -------------------
    SLICE_X53Y128        FDRE (Prop_fdre_C_Q)         0.348     4.891 r  <hidden>
                         net (fo=1, routed)           0.584     5.475    <hidden>
    SLICE_X52Y128        FDRE                                         r  <hidden>
  -------------------------------------------------------------------    -------------------

                         (clock userclk1 rise edge)
                                                      0.000     0.000 r  
    GTPE2_CHANNEL_X0Y7   GTPE2_CHANNEL                0.000     0.000 r  i_pcileech_pcie_a7/i_pcie_7x_0/inst/inst/gt_top_i/pipe_wrapper_i/pipe_lane[0].gt_wrapper_i/gtp_channel.gtpe2_channel_i/TXOUTCLK
                         net (fo=1, routed)           1.199     1.199    i_pcileech_pcie_a7/i_pcie_7x_0/inst/inst/gt_top_i/pipe_wrapper_i/pipe_clock_int.pipe_clock_i/txoutclk_i.txoutclk_i_0
    BUFGCTRL_X0Y19       BUFG (Prop_bufg_I_O)         0.077     1.276 r  i_pcileech_pcie_a7/i_pcie_7x_0/inst/inst/gt_top_i/pipe_wrapper_i/pipe_clock_int.pipe_clock_i/txoutclk_i.txoutclk_i/O
                         net (fo=1, routed)           1.302     2.578    i_pcileech_pcie_a7/i_pcie_7x_0/inst/inst/gt_top_i/pipe_wrapper_i/pipe_clock_int.pipe_clock_i/refclk
    MMCME2_ADV_X0Y1      MMCME2_ADV (Prop_mmcme2_adv_CLKIN1_CLKOUT2)
                                                      0.073     2.651 r  i_pcileech_pcie_a7/i_pcie_7x_0/inst/inst/gt_top_i/pipe_wrapper_i/pipe_clock_int.pipe_clock_i/mmcm_i/CLKOUT2
                         net (fo=1, routed)           1.374     4.024    i_pcileech_pcie_a7/i_pcie_7x_0/inst/inst/gt_top_i/pipe_wrapper_i/pipe_clock_int.pipe_clock_i/userclk1
    BUFGCTRL_X0Y0        BUFG (Prop_bufg_I_O)         0.077     4.102 r  i_pcileech_pcie_a7/i_pcie_7x_0/inst/inst/gt_top_i/pipe_wrapper_i/pipe_clock_int.pipe_clock_i/userclk1_i1.usrclk1_i1/O
                         net (fo=3883, routed)        1.232     5.334    <hidden>
    SLICE_X52Y128        FDRE                                         r  <hidden>
                         clock pessimism              0.000     5.334    
    SLICE_X52Y128        FDRE (Setup_fdre_C_D)       -0.207     5.127    <hidden>
  -------------------------------------------------------------------
                         data arrival                           5.475    
                         clock arrival                          5.127    
  -------------------------------------------------------------------
                         relative delay                         0.348    

Reference path:
    Location             Delay type                Incr(ns)  Path(ns)    Netlist Resource(s)
  -------------------------------------------------------------------    -------------------
                         (clock net_clk rise edge)    0.000     0.000 r  
    J19                                               0.000     0.000 r  clk (IN)
                         net (fo=0)                   0.000     0.000    clk
    J19                  IBUF (Prop_ibuf_I_O)         1.350     1.350 r  clk_IBUF_inst/O
                         net (fo=1, routed)           1.620     2.970    clk_IBUF
    BUFGCTRL_X0Y16       BUFG (Prop_bufg_I_O)         0.077     3.047 r  clk_IBUF_BUFG_inst/O
                         net (fo=3727, routed)        1.230     4.277    <hidden>
    SLICE_X53Y128        FDRE                                         r  <hidden>
  -------------------------------------------------------------------    -------------------
    SLICE_X53Y128        FDRE (Prop_fdre_C_Q)         0.304     4.581 r  <hidden>
                         net (fo=1, routed)           0.222     4.803    <hidden>
    SLICE_X52Y128        FDRE                                         r  <hidden>
  -------------------------------------------------------------------    -------------------

                         (clock userclk1 rise edge)
                                                      0.000     0.000 r  
    GTPE2_CHANNEL_X0Y7   GTPE2_CHANNEL                0.000     0.000 r  i_pcileech_pcie_a7/i_pcie_7x_0/inst/inst/gt_top_i/pipe_wrapper_i/pipe_lane[0].gt_wrapper_i/gtp_channel.gtpe2_channel_i/TXOUTCLK
                         net (fo=1, routed)           1.257     1.257    i_pcileech_pcie_a7/i_pcie_7x_0/inst/inst/gt_top_i/pipe_wrapper_i/pipe_clock_int.pipe_clock_i/txoutclk_i.txoutclk_i_0
    BUFGCTRL_X0Y19       BUFG (Prop_bufg_I_O)         0.081     1.338 r  i_pcileech_pcie_a7/i_pcie_7x_0/inst/inst/gt_top_i/pipe_wrapper_i/pipe_clock_int.pipe_clock_i/txoutclk_i.txoutclk_i/O
                         net (fo=1, routed)           1.408     2.745    i_pcileech_pcie_a7/i_pcie_7x_0/inst/inst/gt_top_i/pipe_wrapper_i/pipe_clock_int.pipe_clock_i/refclk
    MMCME2_ADV_X0Y1      MMCME2_ADV (Prop_mmcme2_adv_CLKIN1_CLKOUT2)
                                                      0.077     2.822 r  i_pcileech_pcie_a7/i_pcie_7x_0/inst/inst/gt_top_i/pipe_wrapper_i/pipe_clock_int.pipe_clock_i/mmcm_i/CLKOUT2
                         net (fo=1, routed)           1.441     4.263    i_pcileech_pcie_a7/i_pcie_7x_0/inst/inst/gt_top_i/pipe_wrapper_i/pipe_clock_int.pipe_clock_i/userclk1
    BUFGCTRL_X0Y0        BUFG (Prop_bufg_I_O)         0.081     4.344 r  i_pcileech_pcie_a7/i_pcie_7x_0/inst/inst/gt_top_i/pipe_wrapper_i/pipe_clock_int.pipe_clock_i/userclk1_i1.usrclk1_i1/O
                         net (fo=3883, routed)        1.340     5.684    <hidden>
    SLICE_X52Y128        FDRE                                         r  <hidden>
                         clock pessimism              0.000     5.684    
    SLICE_X52Y128        FDRE (Hold_fdre_C_D)         0.136     5.820    <hidden>
  -------------------------------------------------------------------
                         data arrival                           4.803    
                         clock arrival                          5.820    
  -------------------------------------------------------------------
                         relative delay                        -1.017    



Id: 15
set_bus_skew -from [get_cells [list {i_pcileech_com/i_fifo_64_64_clk2_comrx/U0/inst_fifo_gen/gconvfifo.rf/grf.rf/gntv_or_sync_fifo.gcx.clkx/rd_pntr_cdc_inst/src_gray_ff_reg[0]} {i_pcileech_com/i_fifo_64_64_clk2_comrx/U0/inst_fifo_gen/gconvfifo.rf/grf.rf/gntv_or_sync_fifo.gcx.clkx/rd_pntr_cdc_inst/src_gray_ff_reg[1]} {i_pcileech_com/i_fifo_64_64_clk2_comrx/U0/inst_fifo_gen/gconvfifo.rf/grf.rf/gntv_or_sync_fifo.gcx.clkx/rd_pntr_cdc_inst/src_gray_ff_reg[2]} {i_pcileech_com/i_fifo_64_64_clk2_comrx/U0/inst_fifo_gen/gconvfifo.rf/grf.rf/gntv_or_sync_fifo.gcx.clkx/rd_pntr_cdc_inst/src_gray_ff_reg[3]}]] -to [get_cells [list {i_pcileech_com/i_fifo_64_64_clk2_comrx/U0/inst_fifo_gen/gconvfifo.rf/grf.rf/gntv_or_sync_fifo.gcx.clkx/rd_pntr_cdc_inst/dest_graysync_ff_reg[0][0]} {i_pcileech_com/i_fifo_64_64_clk2_comrx/U0/inst_fifo_gen/gconvfifo.rf/grf.rf/gntv_or_sync_fifo.gcx.clkx/rd_pntr_cdc_inst/dest_graysync_ff_reg[0][1]} {i_pcileech_com/i_fifo_64_64_clk2_comrx/U0/inst_fifo_gen/gconvfifo.rf/grf.rf/gntv_or_sync_fifo.gcx.clkx/rd_pntr_cdc_inst/dest_graysync_ff_reg[0][2]} {i_pcileech_com/i_fifo_64_64_clk2_comrx/U0/inst_fifo_gen/gconvfifo.rf/grf.rf/gntv_or_sync_fifo.gcx.clkx/rd_pntr_cdc_inst/dest_graysync_ff_reg[0][3]}]] 10.000
Requirement: 10.000ns
Endpoints: 4

From Clock            To Clock              Endpoint Pin                    Reference Pin                   Corner  Actual(ns)  Slack(ns)
--------------------  --------------------  ------------------------------  ------------------------------  ------  ----------  ---------
net_clk               net_ft601_clk         i_pcileech_com/i_fifo_64_64_clk2_comrx/U0/inst_fifo_gen/gconvfifo.rf/grf.rf/gntv_or_sync_fifo.gcx.clkx/rd_pntr_cdc_inst/dest_graysync_ff_reg[0][3]/D
                                                                            i_pcileech_com/i_fifo_64_64_clk2_comrx/U0/inst_fifo_gen/gconvfifo.rf/grf.rf/gntv_or_sync_fifo.gcx.clkx/rd_pntr_cdc_inst/dest_graysync_ff_reg[0][0]/D
                                                                                                            Slow         0.730      9.270


Slack (MET) :             9.270ns  (requirement - actual skew)
  Endpoint Source:        <hidden>
                            (rising edge-triggered cell FDRE clocked by net_clk)
  Endpoint Destination:   <hidden>
                            (rising edge-triggered cell FDRE clocked by net_ft601_clk)
  Reference Source:       <hidden>
                            (rising edge-triggered cell FDRE clocked by net_clk)
  Reference Destination:  <hidden>
                            (rising edge-triggered cell FDRE clocked by net_ft601_clk)
  Path Type:              Bus Skew (Max at Slow Process Corner)
  Requirement:            10.000ns
  Endpoint Relative Delay:    1.382ns
  Reference Relative Delay:   0.121ns
  Relative CRPR:              0.532ns
  Actual Bus Skew:            0.730ns  (Endpoint Relative Delay - Reference Relative Delay - Relative CRPR)

Endpoint path:
    Location             Delay type                Incr(ns)  Path(ns)    Netlist Resource(s)
  -------------------------------------------------------------------    -------------------
                         (clock net_clk rise edge)    0.000     0.000 r  
    J19                                               0.000     0.000 r  clk (IN)
                         net (fo=0)                   0.000     0.000    clk
    J19                  IBUF (Prop_ibuf_I_O)         1.416     1.416 r  clk_IBUF_inst/O
                         net (fo=1, routed)           1.709     3.124    clk_IBUF
    BUFGCTRL_X0Y16       BUFG (Prop_bufg_I_O)         0.081     3.205 r  clk_IBUF_BUFG_inst/O
                         net (fo=3727, routed)        1.351     4.557    <hidden>
    SLICE_X33Y121        FDRE                                         r  <hidden>
  -------------------------------------------------------------------    -------------------
    SLICE_X33Y121        FDRE (Prop_fdre_C_Q)         0.348     4.905 r  <hidden>
                         net (fo=1, routed)           0.565     5.470    <hidden>
    SLICE_X32Y121        FDRE                                         r  <hidden>
  -------------------------------------------------------------------    -------------------

                         (clock net_ft601_clk rise edge)
                                                      0.000     0.000 r  
    K18                                               0.000     0.000 r  ft601_clk (IN)
                         net (fo=0)                   0.000     0.000    ft601_clk
    K18                  IBUF (Prop_ibuf_I_O)         1.353     1.353 r  ft601_clk_IBUF_inst/O
                         net (fo=1, routed)           1.620     2.974    ft601_clk_IBUF
    BUFGCTRL_X0Y17       BUFG (Prop_bufg_I_O)         0.077     3.051 r  ft601_clk_IBUF_BUFG_inst/O
                         net (fo=769, routed)         1.244     4.295    <hidden>
    SLICE_X32Y121        FDRE                                         r  <hidden>
                         clock pessimism              0.000     4.295    
    SLICE_X32Y121        FDRE (Setup_fdre_C_D)       -0.207     4.088    <hidden>
  -------------------------------------------------------------------
                         data arrival                           5.470    
                         clock arrival                          4.088    
  -------------------------------------------------------------------
                         relative delay                         1.382    

Reference path:
    Location             Delay type                Incr(ns)  Path(ns)    Netlist Resource(s)
  -------------------------------------------------------------------    -------------------
                         (clock net_clk rise edge)    0.000     0.000 r  
    J19                                               0.000     0.000 r  clk (IN)
                         net (fo=0)                   0.000     0.000    clk
    J19                  IBUF (Prop_ibuf_I_O)         1.350     1.350 r  clk_IBUF_inst/O
                         net (fo=1, routed)           1.620     2.970    clk_IBUF
    BUFGCTRL_X0Y16       BUFG (Prop_bufg_I_O)         0.077     3.047 r  clk_IBUF_BUFG_inst/O
                         net (fo=3727, routed)        1.244     4.291    <hidden>
    SLICE_X33Y121        FDRE                                         r  <hidden>
  -------------------------------------------------------------------    -------------------
    SLICE_X33Y121        FDRE (Prop_fdre_C_Q)         0.304     4.595 r  <hidden>
                         net (fo=1, routed)           0.222     4.817    <hidden>
    SLICE_X32Y121        FDRE                                         r  <hidden>
  -------------------------------------------------------------------    -------------------

                         (clock net_ft601_clk rise edge)
                                                      0.000     0.000 r  
    K18                                               0.000     0.000 r  ft601_clk (IN)
                         net (fo=0)                   0.000     0.000    ft601_clk
    K18                  IBUF (Prop_ibuf_I_O)         1.419     1.419 r  ft601_clk_IBUF_inst/O
                         net (fo=1, routed)           1.709     3.128    ft601_clk_IBUF
    BUFGCTRL_X0Y17       BUFG (Prop_bufg_I_O)         0.081     3.209 r  ft601_clk_IBUF_BUFG_inst/O
                         net (fo=769, routed)         1.351     4.561    <hidden>
    SLICE_X32Y121        FDRE                                         r  <hidden>
                         clock pessimism              0.000     4.561    
    SLICE_X32Y121        FDRE (Hold_fdre_C_D)         0.136     4.697    <hidden>
  -------------------------------------------------------------------
                         data arrival                           4.817    
                         clock arrival                          4.697    
  -------------------------------------------------------------------
                         relative delay                         0.121    



Id: 16
set_bus_skew -from [get_cells [list {i_pcileech_com/i_fifo_64_64_clk2_comrx/U0/inst_fifo_gen/gconvfifo.rf/grf.rf/gntv_or_sync_fifo.gcx.clkx/wr_pntr_cdc_inst/src_gray_ff_reg[0]} {i_pcileech_com/i_fifo_64_64_clk2_comrx/U0/inst_fifo_gen/gconvfifo.rf/grf.rf/gntv_or_sync_fifo.gcx.clkx/wr_pntr_cdc_inst/src_gray_ff_reg[1]} {i_pcileech_com/i_fifo_64_64_clk2_comrx/U0/inst_fifo_gen/gconvfifo.rf/grf.rf/gntv_or_sync_fifo.gcx.clkx/wr_pntr_cdc_inst/src_gray_ff_reg[2]} {i_pcileech_com/i_fifo_64_64_clk2_comrx/U0/inst_fifo_gen/gconvfifo.rf/grf.rf/gntv_or_sync_fifo.gcx.clkx/wr_pntr_cdc_inst/src_gray_ff_reg[3]}]] -to [get_cells [list {i_pcileech_com/i_fifo_64_64_clk2_comrx/U0/inst_fifo_gen/gconvfifo.rf/grf.rf/gntv_or_sync_fifo.gcx.clkx/wr_pntr_cdc_inst/dest_graysync_ff_reg[0][0]} {i_pcileech_com/i_fifo_64_64_clk2_comrx/U0/inst_fifo_gen/gconvfifo.rf/grf.rf/gntv_or_sync_fifo.gcx.clkx/wr_pntr_cdc_inst/dest_graysync_ff_reg[0][1]} {i_pcileech_com/i_fifo_64_64_clk2_comrx/U0/inst_fifo_gen/gconvfifo.rf/grf.rf/gntv_or_sync_fifo.gcx.clkx/wr_pntr_cdc_inst/dest_graysync_ff_reg[0][2]} {i_pcileech_com/i_fifo_64_64_clk2_comrx/U0/inst_fifo_gen/gconvfifo.rf/grf.rf/gntv_or_sync_fifo.gcx.clkx/wr_pntr_cdc_inst/dest_graysync_ff_reg[0][3]}]] 10.000
Requirement: 10.000ns
Endpoints: 4

From Clock            To Clock              Endpoint Pin                    Reference Pin                   Corner  Actual(ns)  Slack(ns)
--------------------  --------------------  ------------------------------  ------------------------------  ------  ----------  ---------
net_ft601_clk         net_clk               i_pcileech_com/i_fifo_64_64_clk2_comrx/U0/inst_fifo_gen/gconvfifo.rf/grf.rf/gntv_or_sync_fifo.gcx.clkx/wr_pntr_cdc_inst/dest_graysync_ff_reg[0][3]/D
                                                                            i_pcileech_com/i_fifo_64_64_clk2_comrx/U0/inst_fifo_gen/gconvfifo.rf/grf.rf/gntv_or_sync_fifo.gcx.clkx/wr_pntr_cdc_inst/dest_graysync_ff_reg[0][2]/D
                                                                                                            Slow         0.504      9.496


Slack (MET) :             9.496ns  (requirement - actual skew)
  Endpoint Source:        <hidden>
                            (rising edge-triggered cell FDRE clocked by net_ft601_clk)
  Endpoint Destination:   <hidden>
                            (rising edge-triggered cell FDRE clocked by net_clk)
  Reference Source:       <hidden>
                            (rising edge-triggered cell FDRE clocked by net_ft601_clk)
  Reference Destination:  <hidden>
                            (rising edge-triggered cell FDRE clocked by net_clk)
  Path Type:              Bus Skew (Max at Slow Process Corner)
  Requirement:            10.000ns
  Endpoint Relative Delay:    1.104ns
  Reference Relative Delay:   0.094ns
  Relative CRPR:              0.506ns
  Actual Bus Skew:            0.504ns  (Endpoint Relative Delay - Reference Relative Delay - Relative CRPR)

Endpoint path:
    Location             Delay type                Incr(ns)  Path(ns)    Netlist Resource(s)
  -------------------------------------------------------------------    -------------------
                         (clock net_ft601_clk rise edge)
                                                      0.000     0.000 r  
    K18                                               0.000     0.000 r  ft601_clk (IN)
                         net (fo=0)                   0.000     0.000    ft601_clk
    K18                  IBUF (Prop_ibuf_I_O)         1.419     1.419 r  ft601_clk_IBUF_inst/O
                         net (fo=1, routed)           1.709     3.128    ft601_clk_IBUF
    BUFGCTRL_X0Y17       BUFG (Prop_bufg_I_O)         0.081     3.209 r  ft601_clk_IBUF_BUFG_inst/O
                         net (fo=769, routed)         1.351     4.561    <hidden>
    SLICE_X31Y128        FDRE                                         r  <hidden>
  -------------------------------------------------------------------    -------------------
    SLICE_X31Y128        FDRE (Prop_fdre_C_Q)         0.379     4.940 r  <hidden>
                         net (fo=1, routed)           0.383     5.323    <hidden>
    SLICE_X31Y127        FDRE                                         r  <hidden>
  -------------------------------------------------------------------    -------------------

                         (clock net_clk rise edge)    0.000     0.000 r  
    J19                                               0.000     0.000 r  clk (IN)
                         net (fo=0)                   0.000     0.000    clk
    J19                  IBUF (Prop_ibuf_I_O)         1.350     1.350 r  clk_IBUF_inst/O
                         net (fo=1, routed)           1.620     2.970    clk_IBUF
    BUFGCTRL_X0Y16       BUFG (Prop_bufg_I_O)         0.077     3.047 r  clk_IBUF_BUFG_inst/O
                         net (fo=3727, routed)        1.244     4.291    <hidden>
    SLICE_X31Y127        FDRE                                         r  <hidden>
                         clock pessimism              0.000     4.291    
    SLICE_X31Y127        FDRE (Setup_fdre_C_D)       -0.072     4.219    <hidden>
  -------------------------------------------------------------------
                         data arrival                           5.323    
                         clock arrival                          4.219    
  -------------------------------------------------------------------
                         relative delay                         1.104    

Reference path:
    Location             Delay type                Incr(ns)  Path(ns)    Netlist Resource(s)
  -------------------------------------------------------------------    -------------------
                         (clock net_ft601_clk rise edge)
                                                      0.000     0.000 r  
    K18                                               0.000     0.000 r  ft601_clk (IN)
                         net (fo=0)                   0.000     0.000    ft601_clk
    K18                  IBUF (Prop_ibuf_I_O)         1.353     1.353 r  ft601_clk_IBUF_inst/O
                         net (fo=1, routed)           1.620     2.974    ft601_clk_IBUF
    BUFGCTRL_X0Y17       BUFG (Prop_bufg_I_O)         0.077     3.051 r  ft601_clk_IBUF_BUFG_inst/O
                         net (fo=769, routed)         1.244     4.295    <hidden>
    SLICE_X32Y127        FDRE                                         r  <hidden>
  -------------------------------------------------------------------    -------------------
    SLICE_X32Y127        FDRE (Prop_fdre_C_Q)         0.304     4.599 r  <hidden>
                         net (fo=1, routed)           0.189     4.788    <hidden>
    SLICE_X31Y127        FDRE                                         r  <hidden>
  -------------------------------------------------------------------    -------------------

                         (clock net_clk rise edge)    0.000     0.000 r  
    J19                                               0.000     0.000 r  clk (IN)
                         net (fo=0)                   0.000     0.000    clk
    J19                  IBUF (Prop_ibuf_I_O)         1.416     1.416 r  clk_IBUF_inst/O
                         net (fo=1, routed)           1.709     3.124    clk_IBUF
    BUFGCTRL_X0Y16       BUFG (Prop_bufg_I_O)         0.081     3.205 r  clk_IBUF_BUFG_inst/O
                         net (fo=3727, routed)        1.350     4.556    <hidden>
    SLICE_X31Y127        FDRE                                         r  <hidden>
                         clock pessimism              0.000     4.556    
    SLICE_X31Y127        FDRE (Hold_fdre_C_D)         0.138     4.694    <hidden>
  -------------------------------------------------------------------
                         data arrival                           4.788    
                         clock arrival                          4.694    
  -------------------------------------------------------------------
                         relative delay                         0.094    



Id: 17
set_bus_skew -from [get_cells [list {i_pcileech_pcie_a7/i_pcileech_pcie_cfg_a7/i_fifo_pcie_cfg_tx/U0/inst_fifo_gen/gconvfifo.rf/grf.rf/gntv_or_sync_fifo.gcx.clkx/rd_pntr_cdc_inst/src_gray_ff_reg[0]} {i_pcileech_pcie_a7/i_pcileech_pcie_cfg_a7/i_fifo_pcie_cfg_tx/U0/inst_fifo_gen/gconvfifo.rf/grf.rf/gntv_or_sync_fifo.gcx.clkx/rd_pntr_cdc_inst/src_gray_ff_reg[1]} {i_pcileech_pcie_a7/i_pcileech_pcie_cfg_a7/i_fifo_pcie_cfg_tx/U0/inst_fifo_gen/gconvfifo.rf/grf.rf/gntv_or_sync_fifo.gcx.clkx/rd_pntr_cdc_inst/src_gray_ff_reg[2]} {i_pcileech_pcie_a7/i_pcileech_pcie_cfg_a7/i_fifo_pcie_cfg_tx/U0/inst_fifo_gen/gconvfifo.rf/grf.rf/gntv_or_sync_fifo.gcx.clkx/rd_pntr_cdc_inst/src_gray_ff_reg[3]} {i_pcileech_pcie_a7/i_pcileech_pcie_cfg_a7/i_fifo_pcie_cfg_tx/U0/inst_fifo_gen/gconvfifo.rf/grf.rf/gntv_or_sync_fifo.gcx.clkx/rd_pntr_cdc_inst/src_gray_ff_reg[4]} {i_pcileech_pcie_a7/i_pcileech_pcie_cfg_a7/i_fifo_pcie_cfg_tx/U0/inst_fifo_gen/gconvfifo.rf/grf.rf/gntv_or_sync_fifo.gcx.clkx/rd_pntr_cdc_inst/src_gray_ff_reg[5]} {i_pcileech_pcie_a7/i_pcileech_pcie_cfg_a7/i_fifo_pcie_cfg_tx/U0/inst_fifo_gen/gconvfifo.rf/grf.rf/gntv_or_sync_fifo.gcx.clkx/rd_pntr_cdc_inst/src_gray_ff_reg[6]} {i_pcileech_pcie_a7/i_pcileech_pcie_cfg_a7/i_fifo_pcie_cfg_tx/U0/inst_fifo_gen/gconvfifo.rf/grf.rf/gntv_or_sync_fifo.gcx.clkx/rd_pntr_cdc_inst/src_gray_ff_reg[7]}]] -to [get_cells [list {i_pcileech_pcie_a7/i_pcileech_pcie_cfg_a7/i_fifo_pcie_cfg_tx/U0/inst_fifo_gen/gconvfifo.rf/grf.rf/gntv_or_sync_fifo.gcx.clkx/rd_pntr_cdc_inst/dest_graysync_ff_reg[0][0]} {i_pcileech_pcie_a7/i_pcileech_pcie_cfg_a7/i_fifo_pcie_cfg_tx/U0/inst_fifo_gen/gconvfifo.rf/grf.rf/gntv_or_sync_fifo.gcx.clkx/rd_pntr_cdc_inst/dest_graysync_ff_reg[0][1]} {i_pcileech_pcie_a7/i_pcileech_pcie_cfg_a7/i_fifo_pcie_cfg_tx/U0/inst_fifo_gen/gconvfifo.rf/grf.rf/gntv_or_sync_fifo.gcx.clkx/rd_pntr_cdc_inst/dest_graysync_ff_reg[0][2]} {i_pcileech_pcie_a7/i_pcileech_pcie_cfg_a7/i_fifo_pcie_cfg_tx/U0/inst_fifo_gen/gconvfifo.rf/grf.rf/gntv_or_sync_fifo.gcx.clkx/rd_pntr_cdc_inst/dest_graysync_ff_reg[0][3]} {i_pcileech_pcie_a7/i_pcileech_pcie_cfg_a7/i_fifo_pcie_cfg_tx/U0/inst_fifo_gen/gconvfifo.rf/grf.rf/gntv_or_sync_fifo.gcx.clkx/rd_pntr_cdc_inst/dest_graysync_ff_reg[0][4]} {i_pcileech_pcie_a7/i_pcileech_pcie_cfg_a7/i_fifo_pcie_cfg_tx/U0/inst_fifo_gen/gconvfifo.rf/grf.rf/gntv_or_sync_fifo.gcx.clkx/rd_pntr_cdc_inst/dest_graysync_ff_reg[0][5]} {i_pcileech_pcie_a7/i_pcileech_pcie_cfg_a7/i_fifo_pcie_cfg_tx/U0/inst_fifo_gen/gconvfifo.rf/grf.rf/gntv_or_sync_fifo.gcx.clkx/rd_pntr_cdc_inst/dest_graysync_ff_reg[0][6]} {i_pcileech_pcie_a7/i_pcileech_pcie_cfg_a7/i_fifo_pcie_cfg_tx/U0/inst_fifo_gen/gconvfifo.rf/grf.rf/gntv_or_sync_fifo.gcx.clkx/rd_pntr_cdc_inst/dest_graysync_ff_reg[0][7]}]] 10.000
Requirement: 10.000ns
Endpoints: 8

From Clock            To Clock              Endpoint Pin                    Reference Pin                   Corner  Actual(ns)  Slack(ns)
--------------------  --------------------  ------------------------------  ------------------------------  ------  ----------  ---------
userclk1              net_clk               i_pcileech_pcie_a7/i_pcileech_pcie_cfg_a7/i_fifo_pcie_cfg_tx/U0/inst_fifo_gen/gconvfifo.rf/grf.rf/gntv_or_sync_fifo.gcx.clkx/rd_pntr_cdc_inst/dest_graysync_ff_reg[0][7]/D
                                                                            i_pcileech_pcie_a7/i_pcileech_pcie_cfg_a7/i_fifo_pcie_cfg_tx/U0/inst_fifo_gen/gconvfifo.rf/grf.rf/gntv_or_sync_fifo.gcx.clkx/rd_pntr_cdc_inst/dest_graysync_ff_reg[0][2]/D
                                                                                                            Fast         0.762      9.238


Slack (MET) :             9.238ns  (requirement - actual skew)
  Endpoint Source:        <hidden>
                            (rising edge-triggered cell FDRE clocked by userclk1)
  Endpoint Destination:   <hidden>
                            (rising edge-triggered cell FDRE clocked by net_clk)
  Reference Source:       <hidden>
                            (rising edge-triggered cell FDRE clocked by userclk1)
  Reference Destination:  <hidden>
                            (rising edge-triggered cell FDRE clocked by net_clk)
  Path Type:              Bus Skew (Max at Fast Process Corner)
  Requirement:            10.000ns
  Endpoint Relative Delay:    1.760ns
  Reference Relative Delay:   0.383ns
  Relative CRPR:              0.615ns
  Actual Bus Skew:            0.762ns  (Endpoint Relative Delay - Reference Relative Delay - Relative CRPR)

Endpoint path:
    Location             Delay type                Incr(ns)  Path(ns)    Netlist Resource(s)
  -------------------------------------------------------------------    -------------------
                         (clock userclk1 rise edge)
                                                      0.000     0.000 r  
    GTPE2_CHANNEL_X0Y7   GTPE2_CHANNEL                0.000     0.000 r  i_pcileech_pcie_a7/i_pcie_7x_0/inst/inst/gt_top_i/pipe_wrapper_i/pipe_lane[0].gt_wrapper_i/gtp_channel.gtpe2_channel_i/TXOUTCLK
                         net (fo=1, routed)           0.530     0.530    i_pcileech_pcie_a7/i_pcie_7x_0/inst/inst/gt_top_i/pipe_wrapper_i/pipe_clock_int.pipe_clock_i/txoutclk_i.txoutclk_i_0
    BUFGCTRL_X0Y19       BUFG (Prop_bufg_I_O)         0.029     0.559 r  i_pcileech_pcie_a7/i_pcie_7x_0/inst/inst/gt_top_i/pipe_wrapper_i/pipe_clock_int.pipe_clock_i/txoutclk_i.txoutclk_i/O
                         net (fo=1, routed)           0.828     1.386    i_pcileech_pcie_a7/i_pcie_7x_0/inst/inst/gt_top_i/pipe_wrapper_i/pipe_clock_int.pipe_clock_i/refclk
    MMCME2_ADV_X0Y1      MMCME2_ADV (Prop_mmcme2_adv_CLKIN1_CLKOUT2)
                                                      0.053     1.439 r  i_pcileech_pcie_a7/i_pcie_7x_0/inst/inst/gt_top_i/pipe_wrapper_i/pipe_clock_int.pipe_clock_i/mmcm_i/CLKOUT2
                         net (fo=1, routed)           0.540     1.979    i_pcileech_pcie_a7/i_pcie_7x_0/inst/inst/gt_top_i/pipe_wrapper_i/pipe_clock_int.pipe_clock_i/userclk1
    BUFGCTRL_X0Y0        BUFG (Prop_bufg_I_O)         0.029     2.008 r  i_pcileech_pcie_a7/i_pcie_7x_0/inst/inst/gt_top_i/pipe_wrapper_i/pipe_clock_int.pipe_clock_i/userclk1_i1.usrclk1_i1/O
                         net (fo=3883, routed)        0.924     2.932    <hidden>
    SLICE_X37Y150        FDRE                                         r  <hidden>
  -------------------------------------------------------------------    -------------------
    SLICE_X37Y150        FDRE (Prop_fdre_C_Q)         0.175     3.107 r  <hidden>
                         net (fo=1, routed)           0.178     3.285    <hidden>
    SLICE_X35Y150        FDRE                                         r  <hidden>
  -------------------------------------------------------------------    -------------------

                         (clock net_clk rise edge)    0.000     0.000 r  
    J19                                               0.000     0.000 r  clk (IN)
                         net (fo=0)                   0.000     0.000    clk
    J19                  IBUF (Prop_ibuf_I_O)         0.252     0.252 r  clk_IBUF_inst/O
                         net (fo=1, routed)           0.640     0.893    clk_IBUF
    BUFGCTRL_X0Y16       BUFG (Prop_bufg_I_O)         0.026     0.919 r  clk_IBUF_BUFG_inst/O
                         net (fo=3727, routed)        0.648     1.567    <hidden>
    SLICE_X35Y150        FDRE                                         r  <hidden>
                         clock pessimism              0.000     1.567    
    SLICE_X35Y150        FDRE (Setup_fdre_C_D)       -0.042     1.525    <hidden>
  -------------------------------------------------------------------
                         data arrival                           3.285    
                         clock arrival                          1.525    
  -------------------------------------------------------------------
                         relative delay                         1.760    

Reference path:
    Location             Delay type                Incr(ns)  Path(ns)    Netlist Resource(s)
  -------------------------------------------------------------------    -------------------
                         (clock userclk1 rise edge)
                                                      0.000     0.000 r  
    GTPE2_CHANNEL_X0Y7   GTPE2_CHANNEL                0.000     0.000 r  i_pcileech_pcie_a7/i_pcie_7x_0/inst/inst/gt_top_i/pipe_wrapper_i/pipe_lane[0].gt_wrapper_i/gtp_channel.gtpe2_channel_i/TXOUTCLK
                         net (fo=1, routed)           0.493     0.493    i_pcileech_pcie_a7/i_pcie_7x_0/inst/inst/gt_top_i/pipe_wrapper_i/pipe_clock_int.pipe_clock_i/txoutclk_i.txoutclk_i_0
    BUFGCTRL_X0Y19       BUFG (Prop_bufg_I_O)         0.026     0.519 r  i_pcileech_pcie_a7/i_pcie_7x_0/inst/inst/gt_top_i/pipe_wrapper_i/pipe_clock_int.pipe_clock_i/txoutclk_i.txoutclk_i/O
                         net (fo=1, routed)           0.558     1.077    i_pcileech_pcie_a7/i_pcie_7x_0/inst/inst/gt_top_i/pipe_wrapper_i/pipe_clock_int.pipe_clock_i/refclk
    MMCME2_ADV_X0Y1      MMCME2_ADV (Prop_mmcme2_adv_CLKIN1_CLKOUT2)
                                                      0.050     1.127 r  i_pcileech_pcie_a7/i_pcie_7x_0/inst/inst/gt_top_i/pipe_wrapper_i/pipe_clock_int.pipe_clock_i/mmcm_i/CLKOUT2
                         net (fo=1, routed)           0.495     1.622    i_pcileech_pcie_a7/i_pcie_7x_0/inst/inst/gt_top_i/pipe_wrapper_i/pipe_clock_int.pipe_clock_i/userclk1
    BUFGCTRL_X0Y0        BUFG (Prop_bufg_I_O)         0.026     1.648 r  i_pcileech_pcie_a7/i_pcie_7x_0/inst/inst/gt_top_i/pipe_wrapper_i/pipe_clock_int.pipe_clock_i/userclk1_i1.usrclk1_i1/O
                         net (fo=3883, routed)        0.567     2.215    <hidden>
    SLICE_X36Y149        FDRE                                         r  <hidden>
  -------------------------------------------------------------------    -------------------
    SLICE_X36Y149        FDRE (Prop_fdre_C_Q)         0.141     2.356 r  <hidden>
                         net (fo=1, routed)           0.101     2.457    <hidden>
    SLICE_X34Y149        FDRE                                         r  <hidden>
  -------------------------------------------------------------------    -------------------

                         (clock net_clk rise edge)    0.000     0.000 r  
    J19                                               0.000     0.000 r  clk (IN)
                         net (fo=0)                   0.000     0.000    clk
    J19                  IBUF (Prop_ibuf_I_O)         0.440     0.440 r  clk_IBUF_inst/O
                         net (fo=1, routed)           0.695     1.135    clk_IBUF
    BUFGCTRL_X0Y16       BUFG (Prop_bufg_I_O)         0.029     1.164 r  clk_IBUF_BUFG_inst/O
                         net (fo=3727, routed)        0.836     2.000    <hidden>
    SLICE_X34Y149        FDRE                                         r  <hidden>
                         clock pessimism              0.000     2.000    
    SLICE_X34Y149        FDRE (Hold_fdre_C_D)         0.075     2.075    <hidden>
  -------------------------------------------------------------------
                         data arrival                           2.457    
                         clock arrival                          2.075    
  -------------------------------------------------------------------
                         relative delay                         0.383    



Id: 18
set_bus_skew -from [get_cells [list {i_pcileech_pcie_a7/i_pcileech_pcie_cfg_a7/i_fifo_pcie_cfg_tx/U0/inst_fifo_gen/gconvfifo.rf/grf.rf/gntv_or_sync_fifo.gcx.clkx/wr_pntr_cdc_inst/src_gray_ff_reg[0]} {i_pcileech_pcie_a7/i_pcileech_pcie_cfg_a7/i_fifo_pcie_cfg_tx/U0/inst_fifo_gen/gconvfifo.rf/grf.rf/gntv_or_sync_fifo.gcx.clkx/wr_pntr_cdc_inst/src_gray_ff_reg[1]} {i_pcileech_pcie_a7/i_pcileech_pcie_cfg_a7/i_fifo_pcie_cfg_tx/U0/inst_fifo_gen/gconvfifo.rf/grf.rf/gntv_or_sync_fifo.gcx.clkx/wr_pntr_cdc_inst/src_gray_ff_reg[2]} {i_pcileech_pcie_a7/i_pcileech_pcie_cfg_a7/i_fifo_pcie_cfg_tx/U0/inst_fifo_gen/gconvfifo.rf/grf.rf/gntv_or_sync_fifo.gcx.clkx/wr_pntr_cdc_inst/src_gray_ff_reg[3]} {i_pcileech_pcie_a7/i_pcileech_pcie_cfg_a7/i_fifo_pcie_cfg_tx/U0/inst_fifo_gen/gconvfifo.rf/grf.rf/gntv_or_sync_fifo.gcx.clkx/wr_pntr_cdc_inst/src_gray_ff_reg[4]} {i_pcileech_pcie_a7/i_pcileech_pcie_cfg_a7/i_fifo_pcie_cfg_tx/U0/inst_fifo_gen/gconvfifo.rf/grf.rf/gntv_or_sync_fifo.gcx.clkx/wr_pntr_cdc_inst/src_gray_ff_reg[5]} {i_pcileech_pcie_a7/i_pcileech_pcie_cfg_a7/i_fifo_pcie_cfg_tx/U0/inst_fifo_gen/gconvfifo.rf/grf.rf/gntv_or_sync_fifo.gcx.clkx/wr_pntr_cdc_inst/src_gray_ff_reg[6]} {i_pcileech_pcie_a7/i_pcileech_pcie_cfg_a7/i_fifo_pcie_cfg_tx/U0/inst_fifo_gen/gconvfifo.rf/grf.rf/gntv_or_sync_fifo.gcx.clkx/wr_pntr_cdc_inst/src_gray_ff_reg[7]}]] -to [get_cells [list {i_pcileech_pcie_a7/i_pcileech_pcie_cfg_a7/i_fifo_pcie_cfg_tx/U0/inst_fifo_gen/gconvfifo.rf/grf.rf/gntv_or_sync_fifo.gcx.clkx/wr_pntr_cdc_inst/dest_graysync_ff_reg[0][0]} {i_pcileech_pcie_a7/i_pcileech_pcie_cfg_a7/i_fifo_pcie_cfg_tx/U0/inst_fifo_gen/gconvfifo.rf/grf.rf/gntv_or_sync_fifo.gcx.clkx/wr_pntr_cdc_inst/dest_graysync_ff_reg[0][1]} {i_pcileech_pcie_a7/i_pcileech_pcie_cfg_a7/i_fifo_pcie_cfg_tx/U0/inst_fifo_gen/gconvfifo.rf/grf.rf/gntv_or_sync_fifo.gcx.clkx/wr_pntr_cdc_inst/dest_graysync_ff_reg[0][2]} {i_pcileech_pcie_a7/i_pcileech_pcie_cfg_a7/i_fifo_pcie_cfg_tx/U0/inst_fifo_gen/gconvfifo.rf/grf.rf/gntv_or_sync_fifo.gcx.clkx/wr_pntr_cdc_inst/dest_graysync_ff_reg[0][3]} {i_pcileech_pcie_a7/i_pcileech_pcie_cfg_a7/i_fifo_pcie_cfg_tx/U0/inst_fifo_gen/gconvfifo.rf/grf.rf/gntv_or_sync_fifo.gcx.clkx/wr_pntr_cdc_inst/dest_graysync_ff_reg[0][4]} {i_pcileech_pcie_a7/i_pcileech_pcie_cfg_a7/i_fifo_pcie_cfg_tx/U0/inst_fifo_gen/gconvfifo.rf/grf.rf/gntv_or_sync_fifo.gcx.clkx/wr_pntr_cdc_inst/dest_graysync_ff_reg[0][5]} {i_pcileech_pcie_a7/i_pcileech_pcie_cfg_a7/i_fifo_pcie_cfg_tx/U0/inst_fifo_gen/gconvfifo.rf/grf.rf/gntv_or_sync_fifo.gcx.clkx/wr_pntr_cdc_inst/dest_graysync_ff_reg[0][6]} {i_pcileech_pcie_a7/i_pcileech_pcie_cfg_a7/i_fifo_pcie_cfg_tx/U0/inst_fifo_gen/gconvfifo.rf/grf.rf/gntv_or_sync_fifo.gcx.clkx/wr_pntr_cdc_inst/dest_graysync_ff_reg[0][7]}]] 10.000
Requirement: 10.000ns
Endpoints: 8

From Clock            To Clock              Endpoint Pin                    Reference Pin                   Corner  Actual(ns)  Slack(ns)
--------------------  --------------------  ------------------------------  ------------------------------  ------  ----------  ---------
net_clk               userclk1              i_pcileech_pcie_a7/i_pcileech_pcie_cfg_a7/i_fifo_pcie_cfg_tx/U0/inst_fifo_gen/gconvfifo.rf/grf.rf/gntv_or_sync_fifo.gcx.clkx/wr_pntr_cdc_inst/dest_graysync_ff_reg[0][1]/D
                                                                            i_pcileech_pcie_a7/i_pcileech_pcie_cfg_a7/i_fifo_pcie_cfg_tx/U0/inst_fifo_gen/gconvfifo.rf/grf.rf/gntv_or_sync_fifo.gcx.clkx/wr_pntr_cdc_inst/dest_graysync_ff_reg[0][4]/D
                                                                                                            Slow         0.604      9.396


Slack (MET) :             9.396ns  (requirement - actual skew)
  Endpoint Source:        <hidden>
                            (rising edge-triggered cell FDRE clocked by net_clk)
  Endpoint Destination:   <hidden>
                            (rising edge-triggered cell FDRE clocked by userclk1)
  Reference Source:       <hidden>
                            (rising edge-triggered cell FDRE clocked by net_clk)
  Reference Destination:  <hidden>
                            (rising edge-triggered cell FDRE clocked by userclk1)
  Path Type:              Bus Skew (Max at Slow Process Corner)
  Requirement:            10.000ns
  Endpoint Relative Delay:    0.134ns
  Reference Relative Delay:  -1.054ns
  Relative CRPR:              0.585ns
  Actual Bus Skew:            0.604ns  (Endpoint Relative Delay - Reference Relative Delay - Relative CRPR)

Endpoint path:
    Location             Delay type                Incr(ns)  Path(ns)    Netlist Resource(s)
  -------------------------------------------------------------------    -------------------
                         (clock net_clk rise edge)    0.000     0.000 r  
    J19                                               0.000     0.000 r  clk (IN)
                         net (fo=0)                   0.000     0.000    clk
    J19                  IBUF (Prop_ibuf_I_O)         1.416     1.416 r  clk_IBUF_inst/O
                         net (fo=1, routed)           1.709     3.124    clk_IBUF
    BUFGCTRL_X0Y16       BUFG (Prop_bufg_I_O)         0.081     3.205 r  clk_IBUF_BUFG_inst/O
                         net (fo=3727, routed)        1.529     4.735    <hidden>
    SLICE_X35Y152        FDRE                                         r  <hidden>
  -------------------------------------------------------------------    -------------------
    SLICE_X35Y152        FDRE (Prop_fdre_C_Q)         0.348     5.083 r  <hidden>
                         net (fo=1, routed)           0.355     5.438    <hidden>
    SLICE_X36Y152        FDRE                                         r  <hidden>
  -------------------------------------------------------------------    -------------------

                         (clock userclk1 rise edge)
                                                      0.000     0.000 r  
    GTPE2_CHANNEL_X0Y7   GTPE2_CHANNEL                0.000     0.000 r  i_pcileech_pcie_a7/i_pcie_7x_0/inst/inst/gt_top_i/pipe_wrapper_i/pipe_lane[0].gt_wrapper_i/gtp_channel.gtpe2_channel_i/TXOUTCLK
                         net (fo=1, routed)           1.199     1.199    i_pcileech_pcie_a7/i_pcie_7x_0/inst/inst/gt_top_i/pipe_wrapper_i/pipe_clock_int.pipe_clock_i/txoutclk_i.txoutclk_i_0
    BUFGCTRL_X0Y19       BUFG (Prop_bufg_I_O)         0.077     1.276 r  i_pcileech_pcie_a7/i_pcie_7x_0/inst/inst/gt_top_i/pipe_wrapper_i/pipe_clock_int.pipe_clock_i/txoutclk_i.txoutclk_i/O
                         net (fo=1, routed)           1.302     2.578    i_pcileech_pcie_a7/i_pcie_7x_0/inst/inst/gt_top_i/pipe_wrapper_i/pipe_clock_int.pipe_clock_i/refclk
    MMCME2_ADV_X0Y1      MMCME2_ADV (Prop_mmcme2_adv_CLKIN1_CLKOUT2)
                                                      0.073     2.651 r  i_pcileech_pcie_a7/i_pcie_7x_0/inst/inst/gt_top_i/pipe_wrapper_i/pipe_clock_int.pipe_clock_i/mmcm_i/CLKOUT2
                         net (fo=1, routed)           1.374     4.024    i_pcileech_pcie_a7/i_pcie_7x_0/inst/inst/gt_top_i/pipe_wrapper_i/pipe_clock_int.pipe_clock_i/userclk1
    BUFGCTRL_X0Y0        BUFG (Prop_bufg_I_O)         0.077     4.102 r  i_pcileech_pcie_a7/i_pcie_7x_0/inst/inst/gt_top_i/pipe_wrapper_i/pipe_clock_int.pipe_clock_i/userclk1_i1.usrclk1_i1/O
                         net (fo=3883, routed)        1.412     5.513    <hidden>
    SLICE_X36Y152        FDRE                                         r  <hidden>
                         clock pessimism              0.000     5.513    
    SLICE_X36Y152        FDRE (Setup_fdre_C_D)       -0.210     5.303    <hidden>
  -------------------------------------------------------------------
                         data arrival                           5.438    
                         clock arrival                          5.303    
  -------------------------------------------------------------------
                         relative delay                         0.134    

Reference path:
    Location             Delay type                Incr(ns)  Path(ns)    Netlist Resource(s)
  -------------------------------------------------------------------    -------------------
                         (clock net_clk rise edge)    0.000     0.000 r  
    J19                                               0.000     0.000 r  clk (IN)
                         net (fo=0)                   0.000     0.000    clk
    J19                  IBUF (Prop_ibuf_I_O)         1.350     1.350 r  clk_IBUF_inst/O
                         net (fo=1, routed)           1.620     2.970    clk_IBUF
    BUFGCTRL_X0Y16       BUFG (Prop_bufg_I_O)         0.077     3.047 r  clk_IBUF_BUFG_inst/O
                         net (fo=3727, routed)        1.410     4.457    <hidden>
    SLICE_X35Y153        FDRE                                         r  <hidden>
  -------------------------------------------------------------------    -------------------
    SLICE_X35Y153        FDRE (Prop_fdre_C_Q)         0.304     4.761 r  <hidden>
                         net (fo=1, routed)           0.198     4.958    <hidden>
    SLICE_X36Y153        FDRE                                         r  <hidden>
  -------------------------------------------------------------------    -------------------

                         (clock userclk1 rise edge)
                                                      0.000     0.000 r  
    GTPE2_CHANNEL_X0Y7   GTPE2_CHANNEL                0.000     0.000 r  i_pcileech_pcie_a7/i_pcie_7x_0/inst/inst/gt_top_i/pipe_wrapper_i/pipe_lane[0].gt_wrapper_i/gtp_channel.gtpe2_channel_i/TXOUTCLK
                         net (fo=1, routed)           1.257     1.257    i_pcileech_pcie_a7/i_pcie_7x_0/inst/inst/gt_top_i/pipe_wrapper_i/pipe_clock_int.pipe_clock_i/txoutclk_i.txoutclk_i_0
    BUFGCTRL_X0Y19       BUFG (Prop_bufg_I_O)         0.081     1.338 r  i_pcileech_pcie_a7/i_pcie_7x_0/inst/inst/gt_top_i/pipe_wrapper_i/pipe_clock_int.pipe_clock_i/txoutclk_i.txoutclk_i/O
                         net (fo=1, routed)           1.408     2.745    i_pcileech_pcie_a7/i_pcie_7x_0/inst/inst/gt_top_i/pipe_wrapper_i/pipe_clock_int.pipe_clock_i/refclk
    MMCME2_ADV_X0Y1      MMCME2_ADV (Prop_mmcme2_adv_CLKIN1_CLKOUT2)
                                                      0.077     2.822 r  i_pcileech_pcie_a7/i_pcie_7x_0/inst/inst/gt_top_i/pipe_wrapper_i/pipe_clock_int.pipe_clock_i/mmcm_i/CLKOUT2
                         net (fo=1, routed)           1.441     4.263    i_pcileech_pcie_a7/i_pcie_7x_0/inst/inst/gt_top_i/pipe_wrapper_i/pipe_clock_int.pipe_clock_i/userclk1
    BUFGCTRL_X0Y0        BUFG (Prop_bufg_I_O)         0.081     4.344 r  i_pcileech_pcie_a7/i_pcie_7x_0/inst/inst/gt_top_i/pipe_wrapper_i/pipe_clock_int.pipe_clock_i/userclk1_i1.usrclk1_i1/O
                         net (fo=3883, routed)        1.532     5.876    <hidden>
    SLICE_X36Y153        FDRE                                         r  <hidden>
                         clock pessimism              0.000     5.876    
    SLICE_X36Y153        FDRE (Hold_fdre_C_D)         0.136     6.012    <hidden>
  -------------------------------------------------------------------
                         data arrival                           4.958    
                         clock arrival                          6.012    
  -------------------------------------------------------------------
                         relative delay                        -1.054    



